2-theta,Intensity
5.0,34.0
5.01,26.0
5.02,30.0
5.03,25.0
5.04,34.0
5.05,33.0
5.06,23.0
5.07,39.0
5.08,27.0
5.09,23.0
5.1,24.0
5.11,32.0
5.12,32.0
5.13,22.0
5.14,27.0
5.15,24.0
5.16,24.0
5.17,27.0
5.18,31.0
5.19,23.0
5.2,37.0
5.21,37.0
5.22,25.0
5.23,28.0
5.24,26.0
5.25,27.0
5.26,16.0
5.27,28.0
5.28,29.0
5.29,20.0
5.3,20.0
5.31,29.0
5.32,28.0
5.33,27.0
5.34,31.0
5.35,28.0
5.36,29.0
5.37,29.0
5.38,31.0
5.39,24.0
5.4,30.0
5.41,38.0
5.42,24.0
5.43,25.0
5.44,38.0
5.45,39.0
5.46,25.0
5.47,24.0
5.48,27.0
5.49,29.0
5.5,33.0
5.51,18.0
5.52,26.0
5.53,18.0
5.54,20.0
5.55,31.0
5.56,27.0
5.57,35.0
5.58,33.0
5.59,25.0
5.6,32.0
5.61,29.0
5.62,23.0
5.63,33.0
5.64,27.0
5.65,25.0
5.66,22.0
5.67,21.0
5.68,40.0
5.69,30.0
5.7,27.0
5.71,25.0
5.72,32.0
5.73,24.0
5.74,23.0
5.75,24.0
5.76,20.0
5.77,28.0
5.78,29.0
5.79,21.0
5.8,32.0
5.81,25.0
5.82,19.0
5.83,33.0
5.84,35.0
5.85,28.0
5.86,15.0
5.87,15.0
5.88,22.0
5.89,22.0
5.9,27.0
5.91,23.0
5.92,21.0
5.93,32.0
5.94,25.0
5.95,31.0
5.96,19.0
5.97,32.0
5.98,32.0
5.99,27.0
6.0,17.0
6.01,26.0
6.02,26.0
6.03,29.0
6.04,29.0
6.05,22.0
6.06,17.0
6.07,21.0
6.08,25.0
6.09,28.0
6.1,22.0
6.11,30.0
6.12,23.0
6.13,25.0
6.14,17.0
6.15,24.0
6.16,20.0
6.17,21.0
6.18,25.0
6.19,27.0
6.2,22.0
6.21,25.0
6.22,26.0
6.23,26.0
6.24,20.0
6.25,20.0
6.26,22.0
6.27,26.0
6.28,27.0
6.29,18.0
6.3,19.0
6.31,21.0
6.32,21.0
6.33,19.0
6.34,15.0
6.35,20.0
6.36,26.0
6.37,25.0
6.38,32.0
6.39,14.0
6.4,25.0
6.41,15.0
6.42,23.0
6.43,17.0
6.44,16.0
6.45,18.0
6.46,28.0
6.47,18.0
6.48,21.0
6.49,12.0
6.5,26.0
6.51,16.0
6.52,19.0
6.53,20.0
6.54,18.0
6.55,18.0
6.56,21.0
6.57,16.0
6.58,19.0
6.59,20.0
6.6,20.0
6.61,12.0
6.62,21.0
6.63,18.0
6.64,15.0
6.65,20.0
6.66,18.0
6.67,18.0
6.68,18.0
6.69,16.0
6.7,14.0
6.71,7.0
6.72,19.0
6.73,19.0
6.74,23.0
6.75,17.0
6.76,7.0
6.77,17.0
6.78,25.0
6.79,14.0
6.8,10.0
6.81,19.0
6.82,19.0
6.83,21.0
6.84,20.0
6.85,16.0
6.86,21.0
6.87,19.0
6.88,12.0
6.89,17.0
6.9,11.0
6.91,14.0
6.92,14.0
6.93,15.0
6.94,18.0
6.95,21.0
6.96,24.0
6.97,16.0
6.98,21.0
6.99,22.0
7.0,15.0
7.01,20.0
7.02,15.0
7.03,20.0
7.04,16.0
7.05,14.0
7.06,10.0
7.07,19.0
7.08,14.0
7.09,13.0
7.1,12.0
7.11,13.0
7.12,13.0
7.13,13.0
7.14,24.0
7.15,18.0
7.16,11.0
7.17,21.0
7.18,9.0
7.19,12.0
7.2,16.0
7.21,18.0
7.22,10.0
7.23,16.0
7.24,16.0
7.25,8.0
7.26,18.0
7.27,12.0
7.28,12.0
7.29,11.0
7.3,24.0
7.31,21.0
7.32,19.0
7.33,10.0
7.34,19.0
7.35,16.0
7.36,21.0
7.37,12.0
7.38,15.0
7.39,12.0
7.4,21.0
7.41,11.0
7.42,20.0
7.43,12.0
7.44,20.0
7.45,17.0
7.46,13.0
7.47,16.0
7.48,14.0
7.49,15.0
7.5,12.0
7.51,21.0
7.52,17.0
7.53,11.0
7.54,14.0
7.55,14.0
7.56,18.0
7.57,13.0
7.58,9.0
7.59,26.0
7.6,17.0
7.61,13.0
7.62,18.0
7.63,15.0
7.64,17.0
7.65,12.0
7.66,12.0
7.67,13.0
7.68,15.0
7.69,11.0
7.7,18.0
7.71,15.0
7.72,11.0
7.73,18.0
7.74,14.0
7.75,17.0
7.76,15.0
7.77,10.0
7.78,18.0
7.79,13.0
7.8,18.0
7.81,23.0
7.82,11.0
7.83,12.0
7.84,22.0
7.85,16.0
7.86,15.0
7.87,6.0
7.88,15.0
7.89,10.0
7.9,15.0
7.91,15.0
7.92,14.0
7.93,11.0
7.94,16.0
7.95,18.0
7.96,16.0
7.97,18.0
7.98,14.0
7.99,14.0
8.0,19.0
8.01,13.0
8.02,7.0
8.03,19.0
8.04,19.0
8.05,14.0
8.06,13.0
8.07,19.0
8.08,11.0
8.09,16.0
8.1,18.0
8.11,16.0
8.12,14.0
8.13,12.0
8.14,14.0
8.15,17.0
8.16,16.0
8.17,11.0
8.18,14.0
8.19,8.0
8.2,15.0
8.21,8.0
8.22,7.0
8.23,14.0
8.24,10.0
8.25,13.0
8.26,14.0
8.27,11.0
8.28,12.0
8.29,10.0
8.3,12.0
8.31,14.0
8.32,12.0
8.33,13.0
8.34,16.0
8.35,19.0
8.36,12.0
8.37,15.0
8.38,7.0
8.39,6.0
8.4,11.0
8.41,14.0
8.42,9.0
8.43,14.0
8.44,9.0
8.45,9.0
8.46,15.0
8.47,8.0
8.48,10.0
8.49,15.0
8.5,22.0
8.51,12.0
8.52,10.0
8.53,13.0
8.54,10.0
8.55,4.0
8.56,10.0
8.57,7.0
8.58,14.0
8.59,8.0
8.6,9.0
8.61,16.0
8.62,10.0
8.63,21.0
8.64,6.0
8.65,12.0
8.66,8.0
8.67,11.0
8.68,10.0
8.69,13.0
8.7,10.0
8.71,10.0
8.72,7.0
8.73,12.0
8.74,13.0
8.75,9.0
8.76,9.0
8.77,16.0
8.78,7.0
8.79,9.0
8.8,12.0
8.81,8.0
8.82,9.0
8.83,19.0
8.84,11.0
8.85,16.0
8.86,15.0
8.87,7.0
8.88,8.0
8.89,10.0
8.9,15.0
8.91,9.0
8.92,6.0
8.93,21.0
8.94,11.0
8.95,17.0
8.96,4.0
8.97,8.0
8.98,12.0
8.99,11.0
9.0,8.0
9.01,13.0
9.02,16.0
9.03,6.0
9.04,17.0
9.05,4.0
9.06,8.0
9.07,5.0
9.08,9.0
9.09,10.0
9.1,14.0
9.11,8.0
9.12,13.0
9.13,5.0
9.14,17.0
9.15,16.0
9.16,7.0
9.17,11.0
9.18,10.0
9.19,11.0
9.2,11.0
9.21,12.0
9.22,14.0
9.23,14.0
9.24,13.0
9.25,11.0
9.26,7.0
9.27,8.0
9.28,14.0
9.29,12.0
9.3,9.0
9.31,16.0
9.32,8.0
9.33,8.0
9.34,9.0
9.35,14.0
9.36,8.0
9.37,13.0
9.38,11.0
9.39,20.0
9.4,8.0
9.41,10.0
9.42,9.0
9.43,12.0
9.44,23.0
9.45,6.0
9.46,10.0
9.47,9.0
9.48,18.0
9.49,9.0
9.5,9.0
9.51,5.0
9.52,13.0
9.53,9.0
9.54,16.0
9.55,20.0
9.56,16.0
9.57,8.0
9.58,4.0
9.59,10.0
9.6,17.0
9.61,10.0
9.62,12.0
9.63,13.0
9.64,17.0
9.65,12.0
9.66,10.0
9.67,11.0
9.68,12.0
9.69,7.0
9.7,7.0
9.71,11.0
9.72,12.0
9.73,15.0
9.74,13.0
9.75,11.0
9.76,7.0
9.77,6.0
9.78,12.0
9.79,13.0
9.8,9.0
9.81,10.0
9.82,7.0
9.83,12.0
9.84,16.0
9.85,15.0
9.86,13.0
9.87,13.0
9.88,16.0
9.89,16.0
9.9,12.0
9.91,11.0
9.92,15.0
9.93,14.0
9.94,9.0
9.95,12.0
9.96,12.0
9.97,15.0
9.98,11.0
9.99,14.0
10.0,9.0
10.01,10.0
10.02,11.0
10.03,13.0
10.04,12.0
10.05,15.0
10.06,13.0
10.07,14.0
10.08,16.0
10.09,13.0
10.1,11.0
10.11,11.0
10.12,11.0
10.13,18.0
10.14,19.0
10.15,10.0
10.16,14.0
10.17,10.0
10.18,11.0
10.19,9.0
10.2,12.0
10.21,8.0
10.22,15.0
10.23,11.0
10.24,12.0
10.25,15.0
10.26,15.0
10.27,12.0
10.28,10.0
10.29,13.0
10.3,10.0
10.31,9.0
10.32,9.0
10.33,11.0
10.34,19.0
10.35,13.0
10.36,11.0
10.37,11.0
10.38,13.0
10.39,14.0
10.4,13.0
10.41,13.0
10.42,16.0
10.43,9.0
10.44,15.0
10.45,10.0
10.46,12.0
10.47,15.0
10.48,7.0
10.49,8.0
10.5,12.0
10.51,11.0
10.52,14.0
10.53,14.0
10.54,8.0
10.55,19.0
10.56,8.0
10.57,14.0
10.58,12.0
10.59,13.0
10.6,14.0
10.61,14.0
10.62,11.0
10.63,4.0
10.64,10.0
10.65,12.0
10.66,15.0
10.67,13.0
10.68,9.0
10.69,8.0
10.7,11.0
10.71,10.0
10.72,10.0
10.73,13.0
10.74,13.0
10.75,13.0
10.76,9.0
10.77,15.0
10.78,9.0
10.79,10.0
10.8,15.0
10.81,11.0
10.82,13.0
10.83,10.0
10.84,12.0
10.85,7.0
10.86,10.0
10.87,8.0
10.88,9.0
10.89,6.0
10.9,13.0
10.91,14.0
10.92,12.0
10.93,12.0
10.94,9.0
10.95,13.0
10.96,8.0
10.97,9.0
10.98,9.0
10.99,6.0
11.0,4.0
11.01,9.0
11.02,13.0
11.03,12.0
11.04,19.0
11.05,12.0
11.06,9.0
11.07,3.0
11.08,9.0
11.09,7.0
11.1,7.0
11.11,15.0
11.12,6.0
11.13,12.0
11.14,13.0
11.15,9.0
11.16,9.0
11.17,13.0
11.18,12.0
11.19,10.0
11.2,9.0
11.21,9.0
11.22,11.0
11.23,14.0
11.24,11.0
11.25,11.0
11.26,13.0
11.27,13.0
11.28,13.0
11.29,10.0
11.3,10.0
11.31,8.0
11.32,8.0
11.33,10.0
11.34,12.0
11.35,12.0
11.36,11.0
11.37,10.0
11.38,9.0
11.39,7.0
11.4,11.0
11.41,9.0
11.42,6.0
11.43,10.0
11.44,9.0
11.45,12.0
11.46,9.0
11.47,10.0
11.48,11.0
11.49,12.0
11.5,6.0
11.51,5.0
11.52,7.0
11.53,6.0
11.54,6.0
11.55,10.0
11.56,9.0
11.57,6.0
11.58,11.0
11.59,14.0
11.6,13.0
11.61,4.0
11.62,9.0
11.63,15.0
11.64,8.0
11.65,8.0
11.66,9.0
11.67,4.0
11.68,10.0
11.69,7.0
11.7,5.0
11.71,11.0
11.72,9.0
11.73,4.0
11.74,12.0
11.75,6.0
11.76,9.0
11.77,9.0
11.78,11.0
11.79,14.0
11.8,7.0
11.81,4.0
11.82,6.0
11.83,10.0
11.84,12.0
11.85,6.0
11.86,6.0
11.87,4.0
11.88,10.0
11.89,7.0
11.9,13.0
11.91,6.0
11.92,11.0
11.93,6.0
11.94,12.0
11.95,4.0
11.96,9.0
11.97,12.0
11.98,10.0
11.99,5.0
12.0,4.0
12.01,9.0
12.02,10.0
12.03,8.0
12.04,5.0
12.05,13.0
12.06,9.0
12.07,11.0
12.08,6.0
12.09,7.0
12.1,7.0
12.11,10.0
12.12,12.0
12.13,4.0
12.14,9.0
12.15,8.0
12.16,10.0
12.17,11.0
12.18,6.0
12.19,11.0
12.2,14.0
12.21,9.0
12.22,13.0
12.23,9.0
12.24,9.0
12.25,7.0
12.26,9.0
12.27,9.0
12.28,9.0
12.29,9.0
12.3,7.0
12.31,16.0
12.32,12.0
12.33,9.0
12.34,8.0
12.35,11.0
12.36,10.0
12.37,9.0
12.38,11.0
12.39,9.0
12.4,9.0
12.41,9.0
12.42,7.0
12.43,5.0
12.44,9.0
12.45,5.0
12.46,7.0
12.47,3.0
12.48,7.0
12.49,11.0
12.5,8.0
12.51,7.0
12.52,7.0
12.53,8.0
12.54,6.0
12.55,10.0
12.56,8.0
12.57,7.0
12.58,13.0
12.59,7.0
12.6,5.0
12.61,8.0
12.62,9.0
12.63,6.0
12.64,10.0
12.65,7.0
12.66,3.0
12.67,11.0
12.68,12.0
12.69,13.0
12.7,7.0
12.71,12.0
12.72,8.0
12.73,5.0
12.74,11.0
12.75,13.0
12.76,6.0
12.77,6.0
12.78,10.0
12.79,12.0
12.8,11.0
12.81,4.0
12.82,5.0
12.83,14.0
12.84,7.0
12.85,4.0
12.86,7.0
12.87,17.0
12.88,9.0
12.89,7.0
12.9,10.0
12.91,8.0
12.92,10.0
12.93,15.0
12.94,6.0
12.95,13.0
12.96,9.0
12.97,9.0
12.98,6.0
12.99,11.0
13.0,13.0
13.01,8.0
13.02,6.0
13.03,7.0
13.04,7.0
13.05,9.0
13.06,6.0
13.07,4.0
13.08,3.0
13.09,13.0
13.1,15.0
13.11,10.0
13.12,13.0
13.13,13.0
13.14,14.0
13.15,7.0
13.16,5.0
13.17,9.0
13.18,7.0
13.19,7.0
13.2,5.0
13.21,8.0
13.22,8.0
13.23,11.0
13.24,4.0
13.25,13.0
13.26,11.0
13.27,3.0
13.28,6.0
13.29,7.0
13.3,5.0
13.31,11.0
13.32,7.0
13.33,9.0
13.34,8.0
13.35,10.0
13.36,6.0
13.37,8.0
13.38,9.0
13.39,9.0
13.4,6.0
13.41,10.0
13.42,8.0
13.43,7.0
13.44,6.0
13.45,9.0
13.46,5.0
13.47,8.0
13.48,9.0
13.49,12.0
13.5,7.0
13.51,7.0
13.52,12.0
13.53,8.0
13.54,13.0
13.55,3.0
13.56,7.0
13.57,7.0
13.58,8.0
13.59,8.0
13.6,6.0
13.61,14.0
13.62,11.0
13.63,7.0
13.64,5.0
13.65,7.0
13.66,11.0
13.67,9.0
13.68,7.0
13.69,7.0
13.7,6.0
13.71,16.0
13.72,8.0
13.73,10.0
13.74,7.0
13.75,9.0
13.76,6.0
13.77,13.0
13.78,11.0
13.79,9.0
13.8,6.0
13.81,10.0
13.82,6.0
13.83,16.0
13.84,7.0
13.85,6.0
13.86,8.0
13.87,7.0
13.88,10.0
13.89,9.0
13.9,12.0
13.91,4.0
13.92,3.0
13.93,7.0
13.94,8.0
13.95,7.0
13.96,7.0
13.97,13.0
13.98,10.0
13.99,10.0
14.0,8.0
14.01,7.0
14.02,10.0
14.03,6.0
14.04,4.0
14.05,9.0
14.06,11.0
14.07,15.0
14.08,7.0
14.09,8.0
14.1,4.0
14.11,9.0
14.12,8.0
14.13,11.0
14.14,4.0
14.15,3.0
14.16,9.0
14.17,9.0
14.18,7.0
14.19,14.0
14.2,10.0
14.21,10.0
14.22,7.0
14.23,5.0
14.24,3.0
14.25,9.0
14.26,12.0
14.27,9.0
14.28,6.0
14.29,9.0
14.3,8.0
14.31,12.0
14.32,5.0
14.33,5.0
14.34,13.0
14.35,8.0
14.36,12.0
14.37,9.0
14.38,10.0
14.39,16.0
14.4,11.0
14.41,12.0
14.42,7.0
14.43,13.0
14.44,8.0
14.45,8.0
14.46,9.0
14.47,10.0
14.48,9.0
14.49,6.0
14.5,19.0
14.51,10.0
14.52,12.0
14.53,11.0
14.54,7.0
14.55,5.0
14.56,4.0
14.57,6.0
14.58,9.0
14.59,7.0
14.6,7.0
14.61,13.0
14.62,6.0
14.63,10.0
14.64,7.0
14.65,10.0
14.66,6.0
14.67,11.0
14.68,11.0
14.69,12.0
14.7,5.0
14.71,12.0
14.72,6.0
14.73,7.0
14.74,7.0
14.75,7.0
14.76,9.0
14.77,11.0
14.78,13.0
14.79,12.0
14.8,15.0
14.81,10.0
14.82,3.0
14.83,3.0
14.84,13.0
14.85,13.0
14.86,13.0
14.87,9.0
14.88,9.0
14.89,10.0
14.9,6.0
14.91,14.0
14.92,11.0
14.93,4.0
14.94,6.0
14.95,10.0
14.96,9.0
14.97,8.0
14.98,11.0
14.99,4.0
15.0,13.0
15.01,7.0
15.02,7.0
15.03,4.0
15.04,10.0
15.05,7.0
15.06,8.0
15.07,8.0
15.08,8.0
15.09,4.0
15.1,10.0
15.11,7.0
15.12,7.0
15.13,10.0
15.14,3.0
15.15,6.0
15.16,9.0
15.17,9.0
15.18,7.0
15.19,9.0
15.2,8.0
15.21,7.0
15.22,10.0
15.23,6.0
15.24,5.0
15.25,14.0
15.26,9.0
15.27,13.0
15.28,6.0
15.29,6.0
15.3,5.0
15.31,5.0
15.32,9.0
15.33,10.0
15.34,9.0
15.35,6.0
15.36,8.0
15.37,6.0
15.38,9.0
15.39,11.0
15.4,11.0
15.41,12.0
15.42,9.0
15.43,9.0
15.44,8.0
15.45,7.0
15.46,17.0
15.47,7.0
15.48,13.0
15.49,5.0
15.5,7.0
15.51,12.0
15.52,10.0
15.53,7.0
15.54,7.0
15.55,5.0
15.56,10.0
15.57,11.0
15.58,7.0
15.59,10.0
15.6,10.0
15.61,7.0
15.62,6.0
15.63,6.0
15.64,7.0
15.65,9.0
15.66,15.0
15.67,7.0
15.68,14.0
15.69,6.0
15.7,6.0
15.71,10.0
15.72,5.0
15.73,8.0
15.74,8.0
15.75,6.0
15.76,8.0
15.77,9.0
15.78,15.0
15.79,9.0
15.8,13.0
15.81,10.0
15.82,5.0
15.83,7.0
15.84,10.0
15.85,8.0
15.86,6.0
15.87,7.0
15.88,6.0
15.89,14.0
15.9,7.0
15.91,5.0
15.92,12.0
15.93,12.0
15.94,9.0
15.95,10.0
15.96,14.0
15.97,7.0
15.98,12.0
15.99,9.0
16.0,10.0
16.01,9.0
16.02,9.0
16.03,11.0
16.04,8.0
16.05,6.0
16.06,10.0
16.07,11.0
16.08,12.0
16.09,9.0
16.1,6.0
16.11,8.0
16.12,9.0
16.13,10.0
16.14,7.0
16.15,8.0
16.16,6.0
16.17,8.0
16.18,11.0
16.19,12.0
16.2,10.0
16.21,14.0
16.22,5.0
16.23,10.0
16.24,7.0
16.25,9.0
16.26,8.0
16.27,16.0
16.28,9.0
16.29,17.0
16.3,8.0
16.31,7.0
16.32,9.0
16.33,8.0
16.34,13.0
16.35,5.0
16.36,16.0
16.37,7.0
16.38,13.0
16.39,9.0
16.4,6.0
16.41,8.0
16.42,15.0
16.43,12.0
16.44,8.0
16.45,9.0
16.46,13.0
16.47,9.0
16.48,12.0
16.49,8.0
16.5,8.0
16.51,8.0
16.52,14.0
16.53,15.0
16.54,12.0
16.55,6.0
16.56,16.0
16.57,5.0
16.58,9.0
16.59,5.0
16.6,7.0
16.61,10.0
16.62,14.0
16.63,11.0
16.64,6.0
16.65,7.0
16.66,9.0
16.67,13.0
16.68,10.0
16.69,8.0
16.7,7.0
16.71,11.0
16.72,9.0
16.73,6.0
16.74,6.0
16.75,6.0
16.76,8.0
16.77,7.0
16.78,8.0
16.79,8.0
16.8,6.0
16.81,7.0
16.82,6.0
16.83,7.0
16.84,7.0
16.85,11.0
16.86,9.0
16.87,10.0
16.88,8.0
16.89,10.0
16.9,11.0
16.91,13.0
16.92,12.0
16.93,12.0
16.94,9.0
16.95,9.0
16.96,14.0
16.97,6.0
16.98,6.0
16.99,5.0
17.0,9.0
17.01,8.0
17.02,18.0
17.03,12.0
17.04,7.0
17.05,6.0
17.06,9.0
17.07,4.0
17.08,8.0
17.09,7.0
17.1,9.0
17.11,11.0
17.12,13.0
17.13,8.0
17.14,10.0
17.15,15.0
17.16,8.0
17.17,4.0
17.18,7.0
17.19,8.0
17.2,5.0
17.21,11.0
17.22,7.0
17.23,6.0
17.24,12.0
17.25,13.0
17.26,15.0
17.27,7.0
17.28,9.0
17.29,9.0
17.3,3.0
17.31,9.0
17.32,10.0
17.33,13.0
17.34,7.0
17.35,11.0
17.36,8.0
17.37,14.0
17.38,7.0
17.39,7.0
17.4,8.0
17.41,5.0
17.42,9.0
17.43,7.0
17.44,10.0
17.45,9.0
17.46,8.0
17.47,7.0
17.48,7.0
17.49,8.0
17.5,9.0
17.51,6.0
17.52,10.0
17.53,9.0
17.54,16.0
17.55,7.0
17.56,9.0
17.57,9.0
17.58,8.0
17.59,7.0
17.6,8.0
17.61,13.0
17.62,6.0
17.63,11.0
17.64,8.0
17.65,9.0
17.66,8.0
17.67,9.0
17.68,16.0
17.69,10.0
17.7,6.0
17.71,16.0
17.72,9.0
17.73,7.0
17.74,11.0
17.75,10.0
17.76,16.0
17.77,8.0
17.78,12.0
17.79,4.0
17.8,12.0
17.81,11.0
17.82,7.0
17.83,14.0
17.84,13.0
17.85,9.0
17.86,7.0
17.87,8.0
17.88,8.0
17.89,9.0
17.9,6.0
17.91,10.0
17.92,11.0
17.93,12.0
17.94,13.0
17.95,9.0
17.96,15.0
17.97,8.0
17.98,8.0
17.99,12.0
18.0,9.0
18.01,12.0
18.02,6.0
18.03,7.0
18.04,10.0
18.05,8.0
18.06,11.0
18.07,8.0
18.08,11.0
18.09,7.0
18.1,4.0
18.11,8.0
18.12,20.0
18.13,10.0
18.14,7.0
18.15,7.0
18.16,11.0
18.17,12.0
18.18,10.0
18.19,10.0
18.2,14.0
18.21,8.0
18.22,10.0
18.23,9.0
18.24,10.0
18.25,10.0
18.26,12.0
18.27,12.0
18.28,11.0
18.29,10.0
18.3,9.0
18.31,7.0
18.32,8.0
18.33,9.0
18.34,8.0
18.35,8.0
18.36,5.0
18.37,10.0
18.38,11.0
18.39,7.0
18.4,10.0
18.41,13.0
18.42,13.0
18.43,4.0
18.44,11.0
18.45,12.0
18.46,10.0
18.47,11.0
18.48,6.0
18.49,4.0
18.5,8.0
18.51,6.0
18.52,9.0
18.53,9.0
18.54,4.0
18.55,15.0
18.56,8.0
18.57,11.0
18.58,6.0
18.59,7.0
18.6,7.0
18.61,11.0
18.62,9.0
18.63,11.0
18.64,8.0
18.65,9.0
18.66,9.0
18.67,7.0
18.68,13.0
18.69,3.0
18.7,5.0
18.71,7.0
18.72,15.0
18.73,11.0
18.74,10.0
18.75,9.0
18.76,9.0
18.77,6.0
18.78,10.0
18.79,10.0
18.8,6.0
18.81,5.0
18.82,11.0
18.83,6.0
18.84,8.0
18.85,10.0
18.86,13.0
18.87,5.0
18.88,9.0
18.89,5.0
18.9,6.0
18.91,11.0
18.92,11.0
18.93,8.0
18.94,11.0
18.95,8.0
18.96,8.0
18.97,7.0
18.98,8.0
18.99,10.0
19.0,12.0
19.01,11.0
19.02,13.0
19.03,5.0
19.04,11.0
19.05,6.0
19.06,8.0
19.07,10.0
19.08,9.0
19.09,8.0
19.1,8.0
19.11,17.0
19.12,9.0
19.13,7.0
19.14,9.0
19.15,10.0
19.16,10.0
19.17,7.0
19.18,11.0
19.19,6.0
19.2,14.0
19.21,8.0
19.22,14.0
19.23,11.0
19.24,7.0
19.25,15.0
19.26,15.0
19.27,6.0
19.28,7.0
19.29,10.0
19.3,9.0
19.31,10.0
19.32,7.0
19.33,8.0
19.34,12.0
19.35,8.0
19.36,7.0
19.37,9.0
19.38,9.0
19.39,9.0
19.4,8.0
19.41,13.0
19.42,11.0
19.43,9.0
19.44,13.0
19.45,10.0
19.46,8.0
19.47,11.0
19.48,6.0
19.49,6.0
19.5,8.0
19.51,17.0
19.52,11.0
19.53,19.0
19.54,12.0
19.55,17.0
19.56,13.0
19.57,7.0
19.58,10.0
19.59,10.0
19.6,11.0
19.61,7.0
19.62,9.0
19.63,4.0
19.64,13.0
19.65,8.0
19.66,7.0
19.67,7.0
19.68,8.0
19.69,11.0
19.7,7.0
19.71,10.0
19.72,7.0
19.73,8.0
19.74,5.0
19.75,7.0
19.76,12.0
19.77,10.0
19.78,15.0
19.79,10.0
19.8,8.0
19.81,14.0
19.82,13.0
19.83,5.0
19.84,5.0
19.85,12.0
19.86,10.0
19.87,12.0
19.88,12.0
19.89,9.0
19.9,15.0
19.91,8.0
19.92,13.0
19.93,10.0
19.94,6.0
19.95,7.0
19.96,10.0
19.97,9.0
19.98,11.0
19.99,8.0
20.0,13.0
20.01,14.0
20.02,14.0
20.03,4.0
20.04,6.0
20.05,13.0
20.06,7.0
20.07,10.0
20.08,11.0
20.09,14.0
20.1,13.0
20.11,8.0
20.12,10.0
20.13,4.0
20.14,14.0
20.15,8.0
20.16,11.0
20.17,10.0
20.18,11.0
20.19,13.0
20.2,9.0
20.21,9.0
20.22,7.0
20.23,10.0
20.24,10.0
20.25,7.0
20.26,11.0
20.27,11.0
20.28,8.0
20.29,9.0
20.3,12.0
20.31,16.0
20.32,8.0
20.33,12.0
20.34,11.0
20.35,11.0
20.36,20.0
20.37,14.0
20.38,18.0
20.39,17.0
20.4,22.0
20.41,29.0
20.42,35.0
20.43,35.0
20.44,31.0
20.45,35.0
20.46,26.0
20.47,32.0
20.48,34.0
20.49,29.0
20.5,21.0
20.51,27.0
20.52,32.0
20.53,23.0
20.54,21.0
20.55,22.0
20.56,17.0
20.57,13.0
20.58,14.0
20.59,8.0
20.6,15.0
20.61,17.0
20.62,12.0
20.63,6.0
20.64,14.0
20.65,12.0
20.66,5.0
20.67,10.0
20.68,8.0
20.69,12.0
20.7,13.0
20.71,8.0
20.72,12.0
20.73,11.0
20.74,11.0
20.75,10.0
20.76,8.0
20.77,13.0
20.78,8.0
20.79,9.0
20.8,12.0
20.81,13.0
20.82,8.0
20.83,14.0
20.84,9.0
20.85,6.0
20.86,11.0
20.87,6.0
20.88,15.0
20.89,14.0
20.9,13.0
20.91,15.0
20.92,16.0
20.93,13.0
20.94,11.0
20.95,10.0
20.96,17.0
20.97,6.0
20.98,17.0
20.99,12.0
21.0,16.0
21.01,7.0
21.02,16.0
21.03,17.0
21.04,12.0
21.05,19.0
21.06,16.0
21.07,12.0
21.08,11.0
21.09,12.0
21.1,20.0
21.11,13.0
21.12,19.0
21.13,12.0
21.14,9.0
21.15,19.0
21.16,13.0
21.17,16.0
21.18,11.0
21.19,15.0
21.2,8.0
21.21,17.0
21.22,16.0
21.23,15.0
21.24,21.0
21.25,19.0
21.26,22.0
21.27,13.0
21.28,13.0
21.29,10.0
21.3,15.0
21.31,10.0
21.32,13.0
21.33,14.0
21.34,18.0
21.35,12.0
21.36,16.0
21.37,16.0
21.38,11.0
21.39,11.0
21.4,11.0
21.41,11.0
21.42,14.0
21.43,13.0
21.44,12.0
21.45,9.0
21.46,8.0
21.47,5.0
21.48,10.0
21.49,12.0
21.5,13.0
21.51,13.0
21.52,14.0
21.53,14.0
21.54,6.0
21.55,14.0
21.56,11.0
21.57,15.0
21.58,7.0
21.59,19.0
21.6,8.0
21.61,8.0
21.62,8.0
21.63,6.0
21.64,11.0
21.65,7.0
21.66,11.0
21.67,12.0
21.68,16.0
21.69,9.0
21.7,6.0
21.71,13.0
21.72,9.0
21.73,16.0
21.74,7.0
21.75,12.0
21.76,6.0
21.77,10.0
21.78,11.0
21.79,16.0
21.8,7.0
21.81,13.0
21.82,11.0
21.83,12.0
21.84,15.0
21.85,7.0
21.86,10.0
21.87,2.0
21.88,9.0
21.89,7.0
21.9,8.0
21.91,3.0
21.92,10.0
21.93,6.0
21.94,9.0
21.95,13.0
21.96,11.0
21.97,10.0
21.98,9.0
21.99,8.0
22.0,3.0
22.01,9.0
22.02,6.0
22.03,6.0
22.04,10.0
22.05,12.0
22.06,8.0
22.07,14.0
22.08,11.0
22.09,9.0
22.1,6.0
22.11,9.0
22.12,10.0
22.13,10.0
22.14,8.0
22.15,11.0
22.16,5.0
22.17,13.0
22.18,13.0
22.19,6.0
22.2,16.0
22.21,8.0
22.22,8.0
22.23,10.0
22.24,9.0
22.25,9.0
22.26,5.0
22.27,11.0
22.28,9.0
22.29,11.0
22.3,7.0
22.31,10.0
22.32,14.0
22.33,13.0
22.34,8.0
22.35,12.0
22.36,5.0
22.37,9.0
22.38,10.0
22.39,8.0
22.4,9.0
22.41,5.0
22.42,12.0
22.43,6.0
22.44,8.0
22.45,7.0
22.46,7.0
22.47,6.0
22.48,8.0
22.49,11.0
22.5,14.0
22.51,12.0
22.52,9.0
22.53,11.0
22.54,13.0
22.55,4.0
22.56,5.0
22.57,15.0
22.58,5.0
22.59,6.0
22.6,7.0
22.61,9.0
22.62,8.0
22.63,9.0
22.64,9.0
22.65,13.0
22.66,13.0
22.67,9.0
22.68,15.0
22.69,10.0
22.7,8.0
22.71,12.0
22.72,12.0
22.73,15.0
22.74,14.0
22.75,12.0
22.76,16.0
22.77,16.0
22.78,12.0
22.79,13.0
22.8,12.0
22.81,17.0
22.82,17.0
22.83,12.0
22.84,19.0
22.85,34.0
22.86,22.0
22.87,22.0
22.88,21.0
22.89,15.0
22.9,18.0
22.91,15.0
22.92,9.0
22.93,15.0
22.94,13.0
22.95,14.0
22.96,9.0
22.97,18.0
22.98,10.0
22.99,15.0
23.0,11.0
23.01,11.0
23.02,16.0
23.03,13.0
23.04,16.0
23.05,13.0
23.06,8.0
23.07,7.0
23.08,9.0
23.09,10.0
23.1,9.0
23.11,10.0
23.12,12.0
23.13,14.0
23.14,9.0
23.15,13.0
23.16,8.0
23.17,16.0
23.18,9.0
23.19,16.0
23.2,6.0
23.21,13.0
23.22,9.0
23.23,7.0
23.24,9.0
23.25,9.0
23.26,18.0
23.27,9.0
23.28,11.0
23.29,5.0
23.3,10.0
23.31,15.0
23.32,9.0
23.33,9.0
23.34,10.0
23.35,18.0
23.36,9.0
23.37,11.0
23.38,11.0
23.39,14.0
23.4,13.0
23.41,13.0
23.42,3.0
23.43,11.0
23.44,14.0
23.45,13.0
23.46,16.0
23.47,18.0
23.48,10.0
23.49,14.0
23.5,11.0
23.51,15.0
23.52,11.0
23.53,14.0
23.54,16.0
23.55,13.0
23.56,14.0
23.57,10.0
23.58,11.0
23.59,12.0
23.6,11.0
23.61,7.0
23.62,11.0
23.63,10.0
23.64,14.0
23.65,4.0
23.66,11.0
23.67,8.0
23.68,6.0
23.69,6.0
23.7,16.0
23.71,7.0
23.72,10.0
23.73,9.0
23.74,10.0
23.75,7.0
23.76,9.0
23.77,11.0
23.78,12.0
23.79,9.0
23.8,13.0
23.81,10.0
23.82,8.0
23.83,12.0
23.84,11.0
23.85,10.0
23.86,11.0
23.87,6.0
23.88,11.0
23.89,12.0
23.9,9.0
23.91,7.0
23.92,9.0
23.93,13.0
23.94,8.0
23.95,9.0
23.96,7.0
23.97,9.0
23.98,13.0
23.99,15.0
24.0,7.0
24.01,17.0
24.02,12.0
24.03,6.0
24.04,10.0
24.05,13.0
24.06,9.0
24.07,17.0
24.08,9.0
24.09,12.0
24.1,11.0
24.11,14.0
24.12,12.0
24.13,13.0
24.14,6.0
24.15,9.0
24.16,3.0
24.17,8.0
24.18,11.0
24.19,9.0
24.2,9.0
24.21,14.0
24.22,14.0
24.23,13.0
24.24,12.0
24.25,12.0
24.26,18.0
24.27,8.0
24.28,8.0
24.29,14.0
24.3,18.0
24.31,13.0
24.32,7.0
24.33,12.0
24.34,8.0
24.35,12.0
24.36,9.0
24.37,13.0
24.38,13.0
24.39,8.0
24.4,12.0
24.41,11.0
24.42,19.0
24.43,10.0
24.44,18.0
24.45,18.0
24.46,7.0
24.47,16.0
24.48,14.0
24.49,18.0
24.5,15.0
24.51,17.0
24.52,18.0
24.53,17.0
24.54,11.0
24.55,18.0
24.56,12.0
24.57,17.0
24.58,14.0
24.59,17.0
24.6,15.0
24.61,26.0
24.62,12.0
24.63,17.0
24.64,14.0
24.65,16.0
24.66,11.0
24.67,17.0
24.68,17.0
24.69,10.0
24.7,18.0
24.71,20.0
24.72,21.0
24.73,16.0
24.74,18.0
24.75,20.0
24.76,13.0
24.77,16.0
24.78,15.0
24.79,18.0
24.8,25.0
24.81,17.0
24.82,19.0
24.83,15.0
24.84,15.0
24.85,17.0
24.86,19.0
24.87,22.0
24.88,16.0
24.89,21.0
24.9,25.0
24.91,23.0
24.92,31.0
24.93,21.0
24.94,24.0
24.95,25.0
24.96,26.0
24.97,20.0
24.98,23.0
24.99,33.0
25.0,20.0
25.01,34.0
25.02,28.0
25.03,45.0
25.04,42.0
25.05,43.0
25.06,41.0
25.07,52.0
25.08,47.0
25.09,52.0
25.1,53.0
25.11,57.0
25.12,58.0
25.13,63.0
25.14,70.0
25.15,57.0
25.16,84.0
25.17,91.0
25.18,103.0
25.19,97.0
25.2,113.0
25.21,164.0
25.22,169.0
25.23,218.0
25.24,246.0
25.25,242.0
25.26,309.0
25.27,359.0
25.28,403.0
25.29,503.0
25.3,556.0
25.31,600.0
25.32,630.0
25.33,650.0
25.34,623.0
25.35,621.0
25.36,639.0
25.37,615.0
25.38,577.0
25.39,511.0
25.4,480.0
25.41,450.0
25.42,383.0
25.43,374.0
25.44,314.0
25.45,275.0
25.46,252.0
25.47,201.0
25.48,202.0
25.49,143.0
25.5,135.0
25.51,123.0
25.52,139.0
25.53,129.0
25.54,101.0
25.55,97.0
25.56,107.0
25.57,69.0
25.58,88.0
25.59,85.0
25.6,58.0
25.61,56.0
25.62,59.0
25.63,67.0
25.64,57.0
25.65,63.0
25.66,60.0
25.67,65.0
25.68,70.0
25.69,57.0
25.7,58.0
25.71,71.0
25.72,55.0
25.73,63.0
25.74,49.0
25.75,69.0
25.76,61.0
25.77,72.0
25.78,63.0
25.79,60.0
25.8,86.0
25.81,99.0
25.82,91.0
25.83,97.0
25.84,112.0
25.85,134.0
25.86,120.0
25.87,133.0
25.88,149.0
25.89,157.0
25.9,184.0
25.91,203.0
25.92,206.0
25.93,205.0
25.94,232.0
25.95,227.0
25.96,278.0
25.97,235.0
25.98,235.0
25.99,214.0
26.0,257.0
26.01,274.0
26.02,205.0
26.03,246.0
26.04,219.0
26.05,226.0
26.06,211.0
26.07,177.0
26.08,172.0
26.09,150.0
26.1,161.0
26.11,153.0
26.12,137.0
26.13,131.0
26.14,99.0
26.15,101.0
26.16,83.0
26.17,87.0
26.18,73.0
26.19,69.0
26.2,67.0
26.21,68.0
26.22,57.0
26.23,51.0
26.24,36.0
26.25,42.0
26.26,45.0
26.27,38.0
26.28,52.0
26.29,25.0
26.3,33.0
26.31,35.0
26.32,33.0
26.33,30.0
26.34,24.0
26.35,31.0
26.36,32.0
26.37,21.0
26.38,25.0
26.39,19.0
26.4,22.0
26.41,21.0
26.42,18.0
26.43,26.0
26.44,16.0
26.45,14.0
26.46,20.0
26.47,20.0
26.48,21.0
26.49,19.0
26.5,15.0
26.51,17.0
26.52,11.0
26.53,20.0
26.54,15.0
26.55,10.0
26.56,13.0
26.57,16.0
26.58,20.0
26.59,15.0
26.6,16.0
26.61,8.0
26.62,10.0
26.63,24.0
26.64,12.0
26.65,24.0
26.66,24.0
26.67,10.0
26.68,23.0
26.69,12.0
26.7,14.0
26.71,10.0
26.72,13.0
26.73,14.0
26.74,10.0
26.75,13.0
26.76,14.0
26.77,15.0
26.78,12.0
26.79,18.0
26.8,14.0
26.81,3.0
26.82,18.0
26.83,19.0
26.84,19.0
26.85,11.0
26.86,17.0
26.87,15.0
26.88,11.0
26.89,14.0
26.9,17.0
26.91,20.0
26.92,12.0
26.93,17.0
26.94,16.0
26.95,14.0
26.96,11.0
26.97,15.0
26.98,23.0
26.99,20.0
27.0,16.0
27.01,16.0
27.02,7.0
27.03,15.0
27.04,8.0
27.05,15.0
27.06,18.0
27.07,10.0
27.08,16.0
27.09,15.0
27.1,10.0
27.11,13.0
27.12,13.0
27.13,15.0
27.14,21.0
27.15,11.0
27.16,16.0
27.17,16.0
27.18,10.0
27.19,18.0
27.2,15.0
27.21,10.0
27.22,21.0
27.23,14.0
27.24,14.0
27.25,11.0
27.26,15.0
27.27,15.0
27.28,19.0
27.29,16.0
27.3,14.0
27.31,18.0
27.32,16.0
27.33,11.0
27.34,16.0
27.35,8.0
27.36,16.0
27.37,11.0
27.38,20.0
27.39,15.0
27.4,12.0
27.41,14.0
27.42,9.0
27.43,18.0
27.44,16.0
27.45,13.0
27.46,11.0
27.47,10.0
27.48,10.0
27.49,7.0
27.5,12.0
27.51,13.0
27.52,20.0
27.53,9.0
27.54,12.0
27.55,13.0
27.56,13.0
27.57,12.0
27.58,13.0
27.59,19.0
27.6,11.0
27.61,8.0
27.62,11.0
27.63,11.0
27.64,13.0
27.65,17.0
27.66,16.0
27.67,9.0
27.68,13.0
27.69,18.0
27.7,11.0
27.71,13.0
27.72,11.0
27.73,10.0
27.74,12.0
27.75,13.0
27.76,15.0
27.77,12.0
27.78,7.0
27.79,8.0
27.8,4.0
27.81,10.0
27.82,13.0
27.83,10.0
27.84,20.0
27.85,9.0
27.86,6.0
27.87,16.0
27.88,12.0
27.89,13.0
27.9,8.0
27.91,8.0
27.92,11.0
27.93,10.0
27.94,14.0
27.95,11.0
27.96,19.0
27.97,11.0
27.98,10.0
27.99,11.0
28.0,15.0
28.01,12.0
28.02,13.0
28.03,18.0
28.04,9.0
28.05,17.0
28.06,10.0
28.07,11.0
28.08,8.0
28.09,13.0
28.1,15.0
28.11,16.0
28.12,14.0
28.13,7.0
28.14,11.0
28.15,10.0
28.16,13.0
28.17,20.0
28.18,18.0
28.19,14.0
28.2,9.0
28.21,16.0
28.22,13.0
28.23,8.0
28.24,18.0
28.25,14.0
28.26,12.0
28.27,10.0
28.28,17.0
28.29,6.0
28.3,13.0
28.31,9.0
28.32,18.0
28.33,19.0
28.34,10.0
28.35,7.0
28.36,11.0
28.37,19.0
28.38,10.0
28.39,14.0
28.4,16.0
28.41,9.0
28.42,11.0
28.43,11.0
28.44,11.0
28.45,14.0
28.46,17.0
28.47,8.0
28.48,11.0
28.49,18.0
28.5,15.0
28.51,16.0
28.52,15.0
28.53,13.0
28.54,13.0
28.55,14.0
28.56,24.0
28.57,15.0
28.58,14.0
28.59,25.0
28.6,20.0
28.61,16.0
28.62,15.0
28.63,13.0
28.64,9.0
28.65,11.0
28.66,20.0
28.67,13.0
28.68,24.0
28.69,12.0
28.7,10.0
28.71,15.0
28.72,14.0
28.73,18.0
28.74,13.0
28.75,12.0
28.76,15.0
28.77,21.0
28.78,14.0
28.79,16.0
28.8,14.0
28.81,11.0
28.82,11.0
28.83,15.0
28.84,16.0
28.85,11.0
28.86,9.0
28.87,21.0
28.88,16.0
28.89,21.0
28.9,11.0
28.91,15.0
28.92,12.0
28.93,10.0
28.94,11.0
28.95,12.0
28.96,13.0
28.97,22.0
28.98,11.0
28.99,12.0
29.0,12.0
29.01,12.0
29.02,12.0
29.03,11.0
29.04,12.0
29.05,14.0
29.06,7.0
29.07,8.0
29.08,22.0
29.09,11.0
29.1,10.0
29.11,15.0
29.12,18.0
29.13,12.0
29.14,12.0
29.15,17.0
29.16,9.0
29.17,17.0
29.18,15.0
29.19,9.0
29.2,24.0
29.21,15.0
29.22,15.0
29.23,9.0
29.24,11.0
29.25,14.0
29.26,16.0
29.27,9.0
29.28,13.0
29.29,17.0
29.3,10.0
29.31,13.0
29.32,17.0
29.33,14.0
29.34,12.0
29.35,14.0
29.36,13.0
29.37,12.0
29.38,12.0
29.39,9.0
29.4,10.0
29.41,10.0
29.42,8.0
29.43,18.0
29.44,10.0
29.45,14.0
29.46,10.0
29.47,11.0
29.48,15.0
29.49,13.0
29.5,17.0
29.51,9.0
29.52,14.0
29.53,12.0
29.54,23.0
29.55,12.0
29.56,21.0
29.57,13.0
29.58,13.0
29.59,13.0
29.6,18.0
29.61,17.0
29.62,20.0
29.63,18.0
29.64,17.0
29.65,27.0
29.66,20.0
29.67,24.0
29.68,17.0
29.69,28.0
29.7,33.0
29.71,36.0
29.72,46.0
29.73,47.0
29.74,58.0
29.75,54.0
29.76,71.0
29.77,76.0
29.78,61.0
29.79,85.0
29.8,83.0
29.81,74.0
29.82,76.0
29.83,84.0
29.84,71.0
29.85,78.0
29.86,66.0
29.87,70.0
29.88,48.0
29.89,51.0
29.9,52.0
29.91,57.0
29.92,41.0
29.93,35.0
29.94,30.0
29.95,38.0
29.96,25.0
29.97,30.0
29.98,25.0
29.99,23.0
30.0,24.0
30.01,20.0
30.02,26.0
30.03,28.0
30.04,22.0
30.05,23.0
30.06,20.0
30.07,22.0
30.08,19.0
30.09,14.0
30.1,19.0
30.11,18.0
30.12,22.0
30.13,20.0
30.14,27.0
30.15,22.0
30.16,11.0
30.17,11.0
30.18,14.0
30.19,18.0
30.2,15.0
30.21,9.0
30.22,8.0
30.23,11.0
30.24,17.0
30.25,17.0
30.26,7.0
30.27,8.0
30.28,15.0
30.29,9.0
30.3,9.0
30.31,12.0
30.32,15.0
30.33,10.0
30.34,11.0
30.35,14.0
30.36,14.0
30.37,15.0
30.38,20.0
30.39,10.0
30.4,8.0
30.41,10.0
30.42,14.0
30.43,11.0
30.44,8.0
30.45,13.0
30.46,15.0
30.47,19.0
30.48,15.0
30.49,13.0
30.5,16.0
30.51,9.0
30.52,13.0
30.53,16.0
30.54,10.0
30.55,14.0
30.56,14.0
30.57,17.0
30.58,12.0
30.59,14.0
30.6,10.0
30.61,17.0
30.62,17.0
30.63,11.0
30.64,7.0
30.65,16.0
30.66,8.0
30.67,13.0
30.68,10.0
30.69,13.0
30.7,7.0
30.71,15.0
30.72,19.0
30.73,19.0
30.74,13.0
30.75,14.0
30.76,17.0
30.77,11.0
30.78,11.0
30.79,8.0
30.8,11.0
30.81,12.0
30.82,14.0
30.83,15.0
30.84,6.0
30.85,9.0
30.86,12.0
30.87,9.0
30.88,6.0
30.89,6.0
30.9,17.0
30.91,11.0
30.92,11.0
30.93,12.0
30.94,14.0
30.95,20.0
30.96,10.0
30.97,16.0
30.98,8.0
30.99,16.0
31.0,6.0
31.01,9.0
31.02,21.0
31.03,8.0
31.04,9.0
31.05,12.0
31.06,18.0
31.07,8.0
31.08,17.0
31.09,14.0
31.1,13.0
31.11,12.0
31.12,10.0
31.13,23.0
31.14,14.0
31.15,13.0
31.16,21.0
31.17,19.0
31.18,9.0
31.19,19.0
31.2,17.0
31.21,17.0
31.22,26.0
31.23,21.0
31.24,12.0
31.25,18.0
31.26,13.0
31.27,18.0
31.28,20.0
31.29,14.0
31.3,16.0
31.31,19.0
31.32,22.0
31.33,17.0
31.34,21.0
31.35,21.0
31.36,20.0
31.37,20.0
31.38,17.0
31.39,15.0
31.4,20.0
31.41,18.0
31.42,17.0
31.43,17.0
31.44,20.0
31.45,22.0
31.46,31.0
31.47,23.0
31.48,24.0
31.49,33.0
31.5,43.0
31.51,27.0
31.52,33.0
31.53,26.0
31.54,35.0
31.55,26.0
31.56,25.0
31.57,39.0
31.58,29.0
31.59,45.0
31.6,46.0
31.61,48.0
31.62,43.0
31.63,43.0
31.64,47.0
31.65,39.0
31.66,51.0
31.67,52.0
31.68,42.0
31.69,54.0
31.7,59.0
31.71,60.0
31.72,52.0
31.73,60.0
31.74,57.0
31.75,56.0
31.76,61.0
31.77,70.0
31.78,67.0
31.79,72.0
31.8,58.0
31.81,74.0
31.82,52.0
31.83,62.0
31.84,60.0
31.85,50.0
31.86,47.0
31.87,38.0
31.88,40.0
31.89,42.0
31.9,34.0
31.91,35.0
31.92,35.0
31.93,36.0
31.94,32.0
31.95,36.0
31.96,21.0
31.97,25.0
31.98,27.0
31.99,27.0
32.0,20.0
32.01,29.0
32.02,17.0
32.03,23.0
32.04,23.0
32.05,18.0
32.06,23.0
32.07,16.0
32.08,29.0
32.09,21.0
32.1,17.0
32.11,17.0
32.12,20.0
32.13,16.0
32.14,18.0
32.15,13.0
32.16,26.0
32.17,26.0
32.18,25.0
32.19,18.0
32.2,21.0
32.21,14.0
32.22,27.0
32.23,15.0
32.24,25.0
32.25,11.0
32.26,14.0
32.27,23.0
32.28,17.0
32.29,16.0
32.3,7.0
32.31,21.0
32.32,10.0
32.33,22.0
32.34,11.0
32.35,11.0
32.36,12.0
32.37,18.0
32.38,15.0
32.39,19.0
32.4,11.0
32.41,10.0
32.42,12.0
32.43,13.0
32.44,13.0
32.45,11.0
32.46,16.0
32.47,13.0
32.48,14.0
32.49,12.0
32.5,10.0
32.51,20.0
32.52,18.0
32.53,11.0
32.54,15.0
32.55,9.0
32.56,10.0
32.57,12.0
32.58,10.0
32.59,13.0
32.6,12.0
32.61,15.0
32.62,21.0
32.63,12.0
32.64,6.0
32.65,9.0
32.66,12.0
32.67,14.0
32.68,17.0
32.69,12.0
32.7,14.0
32.71,14.0
32.72,14.0
32.73,14.0
32.74,22.0
32.75,17.0
32.76,13.0
32.77,18.0
32.78,11.0
32.79,15.0
32.8,19.0
32.81,11.0
32.82,13.0
32.83,14.0
32.84,19.0
32.85,11.0
32.86,17.0
32.87,17.0
32.88,14.0
32.89,14.0
32.9,11.0
32.91,12.0
32.92,16.0
32.93,11.0
32.94,7.0
32.95,11.0
32.96,14.0
32.97,16.0
32.98,15.0
32.99,16.0
33.0,15.0
33.01,22.0
33.02,11.0
33.03,14.0
33.04,17.0
33.05,11.0
33.06,18.0
33.07,9.0
33.08,12.0
33.09,10.0
33.1,17.0
33.11,13.0
33.12,16.0
33.13,11.0
33.14,10.0
33.15,7.0
33.16,9.0
33.17,12.0
33.18,14.0
33.19,16.0
33.2,10.0
33.21,11.0
33.22,9.0
33.23,13.0
33.24,19.0
33.25,13.0
33.26,12.0
33.27,10.0
33.28,10.0
33.29,5.0
33.3,8.0
33.31,8.0
33.32,11.0
33.33,12.0
33.34,8.0
33.35,9.0
33.36,15.0
33.37,19.0
33.38,19.0
33.39,12.0
33.4,12.0
33.41,13.0
33.42,17.0
33.43,10.0
33.44,8.0
33.45,11.0
33.46,10.0
33.47,13.0
33.48,11.0
33.49,14.0
33.5,11.0
33.51,9.0
33.52,17.0
33.53,10.0
33.54,11.0
33.55,11.0
33.56,10.0
33.57,13.0
33.58,17.0
33.59,10.0
33.6,20.0
33.61,14.0
33.62,13.0
33.63,11.0
33.64,11.0
33.65,15.0
33.66,13.0
33.67,15.0
33.68,15.0
33.69,17.0
33.7,8.0
33.71,10.0
33.72,14.0
33.73,12.0
33.74,12.0
33.75,15.0
33.76,11.0
33.77,6.0
33.78,12.0
33.79,13.0
33.8,12.0
33.81,16.0
33.82,15.0
33.83,12.0
33.84,11.0
33.85,14.0
33.86,10.0
33.87,13.0
33.88,17.0
33.89,9.0
33.9,13.0
33.91,12.0
33.92,18.0
33.93,9.0
33.94,14.0
33.95,8.0
33.96,11.0
33.97,15.0
33.98,10.0
33.99,17.0
34.0,9.0
34.01,16.0
34.02,11.0
34.03,7.0
34.04,10.0
34.05,18.0
34.06,9.0
34.07,15.0
34.08,11.0
34.09,15.0
34.1,14.0
34.11,8.0
34.12,6.0
34.13,11.0
34.14,11.0
34.15,7.0
34.16,14.0
34.17,9.0
34.18,14.0
34.19,8.0
34.2,12.0
34.21,19.0
34.22,12.0
34.23,17.0
34.24,11.0
34.25,12.0
34.26,20.0
34.27,11.0
34.28,17.0
34.29,14.0
34.3,20.0
34.31,16.0
34.32,16.0
34.33,20.0
34.34,13.0
34.35,13.0
34.36,19.0
34.37,14.0
34.38,20.0
34.39,14.0
34.4,11.0
34.41,16.0
34.42,20.0
34.43,13.0
34.44,8.0
34.45,16.0
34.46,14.0
34.47,13.0
34.48,17.0
34.49,20.0
34.5,20.0
34.51,14.0
34.52,24.0
34.53,32.0
34.54,21.0
34.55,22.0
34.56,28.0
34.57,20.0
34.58,25.0
34.59,25.0
34.6,19.0
34.61,21.0
34.62,28.0
34.63,27.0
34.64,26.0
34.65,31.0
34.66,30.0
34.67,28.0
34.68,31.0
34.69,45.0
34.7,37.0
34.71,26.0
34.72,40.0
34.73,36.0
34.74,41.0
34.75,43.0
34.76,27.0
34.77,29.0
34.78,27.0
34.79,37.0
34.8,40.0
34.81,39.0
34.82,37.0
34.83,31.0
34.84,32.0
34.85,34.0
34.86,34.0
34.87,34.0
34.88,31.0
34.89,29.0
34.9,28.0
34.91,28.0
34.92,25.0
34.93,29.0
34.94,27.0
34.95,31.0
34.96,26.0
34.97,24.0
34.98,21.0
34.99,32.0
35.0,23.0
35.01,14.0
35.02,19.0
35.03,25.0
35.04,25.0
35.05,31.0
35.06,31.0
35.07,23.0
35.08,22.0
35.09,18.0
35.1,29.0
35.11,25.0
35.12,23.0
35.13,24.0
35.14,22.0
35.15,33.0
35.16,30.0
35.17,34.0
35.18,24.0
35.19,35.0
35.2,40.0
35.21,37.0
35.22,34.0
35.23,49.0
35.24,51.0
35.25,58.0
35.26,47.0
35.27,77.0
35.28,63.0
35.29,68.0
35.3,74.0
35.31,89.0
35.32,86.0
35.33,60.0
35.34,84.0
35.35,77.0
35.36,63.0
35.37,94.0
35.38,74.0
35.39,70.0
35.4,73.0
35.41,64.0
35.42,67.0
35.43,68.0
35.44,69.0
35.45,64.0
35.46,71.0
35.47,46.0
35.48,48.0
35.49,55.0
35.5,58.0
35.51,46.0
35.52,38.0
35.53,41.0
35.54,26.0
35.55,43.0
35.56,42.0
35.57,29.0
35.58,27.0
35.59,38.0
35.6,26.0
35.61,39.0
35.62,34.0
35.63,37.0
35.64,26.0
35.65,41.0
35.66,43.0
35.67,25.0
35.68,32.0
35.69,29.0
35.7,29.0
35.71,29.0
35.72,30.0
35.73,37.0
35.74,41.0
35.75,30.0
35.76,32.0
35.77,28.0
35.78,21.0
35.79,25.0
35.8,19.0
35.81,26.0
35.82,34.0
35.83,26.0
35.84,23.0
35.85,21.0
35.86,22.0
35.87,31.0
35.88,19.0
35.89,19.0
35.9,21.0
35.91,21.0
35.92,18.0
35.93,15.0
35.94,23.0
35.95,26.0
35.96,18.0
35.97,21.0
35.98,23.0
35.99,22.0
36.0,20.0
36.01,23.0
36.02,26.0
36.03,23.0
36.04,18.0
36.05,16.0
36.06,25.0
36.07,26.0
36.08,27.0
36.09,29.0
36.1,24.0
36.11,34.0
36.12,22.0
36.13,21.0
36.14,32.0
36.15,24.0
36.16,22.0
36.17,30.0
36.18,31.0
36.19,36.0
36.2,34.0
36.21,34.0
36.22,56.0
36.23,29.0
36.24,39.0
36.25,31.0
36.26,41.0
36.27,53.0
36.28,47.0
36.29,57.0
36.3,64.0
36.31,53.0
36.32,74.0
36.33,64.0
36.34,91.0
36.35,79.0
36.36,99.0
36.37,124.0
36.38,128.0
36.39,130.0
36.4,124.0
36.41,132.0
36.42,129.0
36.43,142.0
36.44,131.0
36.45,137.0
36.46,132.0
36.47,128.0
36.48,143.0
36.49,132.0
36.5,135.0
36.51,133.0
36.52,121.0
36.53,104.0
36.54,115.0
36.55,107.0
36.56,107.0
36.57,122.0
36.58,105.0
36.59,110.0
36.6,95.0
36.61,118.0
36.62,91.0
36.63,82.0
36.64,107.0
36.65,111.0
36.66,107.0
36.67,102.0
36.68,133.0
36.69,105.0
36.7,129.0
36.71,113.0
36.72,108.0
36.73,108.0
36.74,119.0
36.75,120.0
36.76,112.0
36.77,154.0
36.78,149.0
36.79,137.0
36.8,127.0
36.81,136.0
36.82,134.0
36.83,146.0
36.84,117.0
36.85,145.0
36.86,142.0
36.87,155.0
36.88,172.0
36.89,134.0
36.9,137.0
36.91,119.0
36.92,114.0
36.93,113.0
36.94,132.0
36.95,113.0
36.96,96.0
36.97,115.0
36.98,84.0
36.99,93.0
37.0,94.0
37.01,86.0
37.02,61.0
37.03,65.0
37.04,66.0
37.05,52.0
37.06,67.0
37.07,56.0
37.08,40.0
37.09,50.0
37.1,44.0
37.11,46.0
37.12,41.0
37.13,35.0
37.14,40.0
37.15,34.0
37.16,27.0
37.17,33.0
37.18,45.0
37.19,29.0
37.2,33.0
37.21,27.0
37.22,29.0
37.23,28.0
37.24,18.0
37.25,22.0
37.26,21.0
37.27,18.0
37.28,24.0
37.29,23.0
37.3,22.0
37.31,20.0
37.32,13.0
37.33,28.0
37.34,19.0
37.35,12.0
37.36,22.0
37.37,20.0
37.38,23.0
37.39,20.0
37.4,21.0
37.41,13.0
37.42,13.0
37.43,13.0
37.44,17.0
37.45,10.0
37.46,22.0
37.47,18.0
37.48,8.0
37.49,10.0
37.5,12.0
37.51,15.0
37.52,14.0
37.53,15.0
37.54,23.0
37.55,15.0
37.56,17.0
37.57,20.0
37.58,20.0
37.59,17.0
37.6,19.0
37.61,14.0
37.62,14.0
37.63,11.0
37.64,10.0
37.65,14.0
37.66,12.0
37.67,12.0
37.68,7.0
37.69,16.0
37.7,15.0
37.71,19.0
37.72,15.0
37.73,18.0
37.74,14.0
37.75,13.0
37.76,10.0
37.77,12.0
37.78,11.0
37.79,10.0
37.8,23.0
37.81,15.0
37.82,11.0
37.83,12.0
37.84,9.0
37.85,10.0
37.86,13.0
37.87,17.0
37.88,7.0
37.89,15.0
37.9,6.0
37.91,12.0
37.92,13.0
37.93,12.0
37.94,8.0
37.95,14.0
37.96,10.0
37.97,12.0
37.98,18.0
37.99,10.0
38.0,12.0
38.01,11.0
38.02,12.0
38.03,13.0
38.04,7.0
38.05,12.0
38.06,12.0
38.07,15.0
38.08,10.0
38.09,14.0
38.1,11.0
38.11,13.0
38.12,16.0
38.13,13.0
38.14,10.0
38.15,11.0
38.16,11.0
38.17,10.0
38.18,6.0
38.19,11.0
38.2,11.0
38.21,11.0
38.22,8.0
38.23,10.0
38.24,13.0
38.25,10.0
38.26,10.0
38.27,5.0
38.28,11.0
38.29,7.0
38.3,12.0
38.31,7.0
38.32,17.0
38.33,14.0
38.34,12.0
38.35,11.0
38.36,15.0
38.37,12.0
38.38,15.0
38.39,10.0
38.4,12.0
38.41,15.0
38.42,13.0
38.43,8.0
38.44,10.0
38.45,18.0
38.46,12.0
38.47,15.0
38.48,15.0
38.49,12.0
38.5,12.0
38.51,7.0
38.52,9.0
38.53,15.0
38.54,9.0
38.55,10.0
38.56,6.0
38.57,13.0
38.58,19.0
38.59,8.0
38.6,5.0
38.61,9.0
38.62,8.0
38.63,15.0
38.64,17.0
38.65,12.0
38.66,14.0
38.67,11.0
38.68,10.0
38.69,15.0
38.7,12.0
38.71,8.0
38.72,14.0
38.73,12.0
38.74,9.0
38.75,12.0
38.76,16.0
38.77,8.0
38.78,9.0
38.79,17.0
38.8,11.0
38.81,8.0
38.82,9.0
38.83,11.0
38.84,8.0
38.85,16.0
38.86,14.0
38.87,16.0
38.88,8.0
38.89,11.0
38.9,10.0
38.91,13.0
38.92,3.0
38.93,12.0
38.94,18.0
38.95,12.0
38.96,12.0
38.97,17.0
38.98,11.0
38.99,6.0
39.0,10.0
39.01,5.0
39.02,6.0
39.03,12.0
39.04,14.0
39.05,13.0
39.06,17.0
39.07,19.0
39.08,12.0
39.09,18.0
39.1,15.0
39.11,9.0
39.12,20.0
39.13,10.0
39.14,13.0
39.15,11.0
39.16,10.0
39.17,8.0
39.18,15.0
39.19,7.0
39.2,14.0
39.21,23.0
39.22,9.0
39.23,9.0
39.24,12.0
39.25,15.0
39.26,7.0
39.27,6.0
39.28,9.0
39.29,14.0
39.3,7.0
39.31,17.0
39.32,14.0
39.33,14.0
39.34,10.0
39.35,7.0
39.36,13.0
39.37,7.0
39.38,13.0
39.39,10.0
39.4,11.0
39.41,9.0
39.42,13.0
39.43,7.0
39.44,21.0
39.45,14.0
39.46,7.0
39.47,7.0
39.48,12.0
39.49,8.0
39.5,16.0
39.51,14.0
39.52,7.0
39.53,15.0
39.54,11.0
39.55,11.0
39.56,14.0
39.57,16.0
39.58,11.0
39.59,13.0
39.6,11.0
39.61,12.0
39.62,9.0
39.63,12.0
39.64,8.0
39.65,13.0
39.66,15.0
39.67,14.0
39.68,14.0
39.69,10.0
39.7,12.0
39.71,16.0
39.72,11.0
39.73,7.0
39.74,19.0
39.75,15.0
39.76,15.0
39.77,20.0
39.78,15.0
39.79,16.0
39.8,6.0
39.81,15.0
39.82,20.0
39.83,13.0
39.84,13.0
39.85,15.0
39.86,18.0
39.87,22.0
39.88,26.0
39.89,13.0
39.9,21.0
39.91,18.0
39.92,14.0
39.93,14.0
39.94,14.0
39.95,22.0
39.96,17.0
39.97,17.0
39.98,20.0
39.99,11.0
40.0,28.0
40.01,19.0
40.02,22.0
40.03,19.0
40.04,24.0
40.05,26.0
40.06,15.0
40.07,20.0
40.08,21.0
40.09,17.0
40.1,18.0
40.11,22.0
40.12,11.0
40.13,15.0
40.14,16.0
40.15,13.0
40.16,16.0
40.17,14.0
40.18,16.0
40.19,15.0
40.2,13.0
40.21,17.0
40.22,23.0
40.23,24.0
40.24,27.0
40.25,11.0
40.26,8.0
40.27,9.0
40.28,15.0
40.29,15.0
40.3,10.0
40.31,9.0
40.32,18.0
40.33,13.0
40.34,16.0
40.35,12.0
40.36,18.0
40.37,5.0
40.38,14.0
40.39,6.0
40.4,8.0
40.41,10.0
40.42,10.0
40.43,8.0
40.44,12.0
40.45,17.0
40.46,14.0
40.47,9.0
40.48,10.0
40.49,17.0
40.5,11.0
40.51,15.0
40.52,12.0
40.53,15.0
40.54,9.0
40.55,11.0
40.56,12.0
40.57,12.0
40.58,15.0
40.59,16.0
40.6,13.0
40.61,20.0
40.62,8.0
40.63,15.0
40.64,14.0
40.65,16.0
40.66,15.0
40.67,13.0
40.68,5.0
40.69,10.0
40.7,20.0
40.71,11.0
40.72,13.0
40.73,9.0
40.74,14.0
40.75,15.0
40.76,5.0
40.77,21.0
40.78,14.0
40.79,13.0
40.8,7.0
40.81,12.0
40.82,18.0
40.83,8.0
40.84,8.0
40.85,21.0
40.86,12.0
40.87,7.0
40.88,15.0
40.89,17.0
40.9,8.0
40.91,16.0
40.92,13.0
40.93,8.0
40.94,10.0
40.95,12.0
40.96,20.0
40.97,22.0
40.98,12.0
40.99,14.0
41.0,10.0
41.01,15.0
41.02,9.0
41.03,17.0
41.04,25.0
41.05,9.0
41.06,17.0
41.07,12.0
41.08,15.0
41.09,13.0
41.1,8.0
41.11,13.0
41.12,15.0
41.13,6.0
41.14,16.0
41.15,18.0
41.16,19.0
41.17,5.0
41.18,8.0
41.19,13.0
41.2,9.0
41.21,10.0
41.22,6.0
41.23,13.0
41.24,11.0
41.25,18.0
41.26,15.0
41.27,16.0
41.28,20.0
41.29,8.0
41.3,14.0
41.31,21.0
41.32,15.0
41.33,16.0
41.34,18.0
41.35,18.0
41.36,23.0
41.37,15.0
41.38,22.0
41.39,18.0
41.4,17.0
41.41,21.0
41.42,26.0
41.43,22.0
41.44,34.0
41.45,30.0
41.46,26.0
41.47,25.0
41.48,34.0
41.49,42.0
41.5,41.0
41.51,42.0
41.52,42.0
41.53,44.0
41.54,45.0
41.55,45.0
41.56,57.0
41.57,68.0
41.58,53.0
41.59,53.0
41.6,52.0
41.61,63.0
41.62,66.0
41.63,58.0
41.64,52.0
41.65,66.0
41.66,61.0
41.67,44.0
41.68,56.0
41.69,42.0
41.7,53.0
41.71,43.0
41.72,45.0
41.73,34.0
41.74,42.0
41.75,29.0
41.76,27.0
41.77,30.0
41.78,31.0
41.79,28.0
41.8,21.0
41.81,34.0
41.82,20.0
41.83,22.0
41.84,24.0
41.85,12.0
41.86,20.0
41.87,16.0
41.88,23.0
41.89,16.0
41.9,23.0
41.91,21.0
41.92,19.0
41.93,17.0
41.94,17.0
41.95,18.0
41.96,22.0
41.97,19.0
41.98,15.0
41.99,11.0
42.0,11.0
42.01,13.0
42.02,19.0
42.03,9.0
42.04,15.0
42.05,14.0
42.06,11.0
42.07,13.0
42.08,12.0
42.09,15.0
42.1,9.0
42.11,21.0
42.12,21.0
42.13,8.0
42.14,12.0
42.15,23.0
42.16,15.0
42.17,16.0
42.18,11.0
42.19,9.0
42.2,7.0
42.21,22.0
42.22,18.0
42.23,6.0
42.24,16.0
42.25,12.0
42.26,15.0
42.27,10.0
42.28,16.0
42.29,14.0
42.3,22.0
42.31,21.0
42.32,11.0
42.33,15.0
42.34,16.0
42.35,13.0
42.36,8.0
42.37,13.0
42.38,9.0
42.39,11.0
42.4,13.0
42.41,15.0
42.42,10.0
42.43,12.0
42.44,14.0
42.45,9.0
42.46,13.0
42.47,18.0
42.48,13.0
42.49,16.0
42.5,12.0
42.51,18.0
42.52,12.0
42.53,17.0
42.54,14.0
42.55,10.0
42.56,15.0
42.57,8.0
42.58,26.0
42.59,9.0
42.6,9.0
42.61,11.0
42.62,16.0
42.63,12.0
42.64,19.0
42.65,9.0
42.66,14.0
42.67,11.0
42.68,12.0
42.69,15.0
42.7,19.0
42.71,14.0
42.72,6.0
42.73,12.0
42.74,11.0
42.75,13.0
42.76,12.0
42.77,18.0
42.78,12.0
42.79,15.0
42.8,20.0
42.81,14.0
42.82,18.0
42.83,12.0
42.84,14.0
42.85,8.0
42.86,23.0
42.87,14.0
42.88,14.0
42.89,19.0
42.9,15.0
42.91,13.0
42.92,16.0
42.93,17.0
42.94,14.0
42.95,14.0
42.96,18.0
42.97,15.0
42.98,18.0
42.99,15.0
43.0,16.0
43.01,19.0
43.02,23.0
43.03,20.0
43.04,16.0
43.05,17.0
43.06,11.0
43.07,17.0
43.08,18.0
43.09,21.0
43.1,20.0
43.11,28.0
43.12,17.0
43.13,21.0
43.14,25.0
43.15,23.0
43.16,24.0
43.17,21.0
43.18,15.0
43.19,26.0
43.2,29.0
43.21,20.0
43.22,17.0
43.23,25.0
43.24,22.0
43.25,24.0
43.26,25.0
43.27,29.0
43.28,18.0
43.29,17.0
43.3,22.0
43.31,19.0
43.32,12.0
43.33,20.0
43.34,12.0
43.35,21.0
43.36,32.0
43.37,22.0
43.38,24.0
43.39,22.0
43.4,11.0
43.41,17.0
43.42,16.0
43.43,19.0
43.44,18.0
43.45,27.0
43.46,24.0
43.47,14.0
43.48,18.0
43.49,15.0
43.5,25.0
43.51,18.0
43.52,16.0
43.53,21.0
43.54,18.0
43.55,11.0
43.56,21.0
43.57,18.0
43.58,15.0
43.59,14.0
43.6,13.0
43.61,18.0
43.62,16.0
43.63,14.0
43.64,20.0
43.65,21.0
43.66,20.0
43.67,20.0
43.68,13.0
43.69,19.0
43.7,22.0
43.71,15.0
43.72,19.0
43.73,13.0
43.74,18.0
43.75,22.0
43.76,19.0
43.77,12.0
43.78,27.0
43.79,17.0
43.8,22.0
43.81,18.0
43.82,18.0
43.83,22.0
43.84,17.0
43.85,23.0
43.86,21.0
43.87,14.0
43.88,22.0
43.89,15.0
43.9,19.0
43.91,18.0
43.92,33.0
43.93,18.0
43.94,23.0
43.95,22.0
43.96,28.0
43.97,20.0
43.98,25.0
43.99,16.0
44.0,21.0
44.01,19.0
44.02,24.0
44.03,23.0
44.04,27.0
44.05,31.0
44.06,27.0
44.07,27.0
44.08,24.0
44.09,38.0
44.1,25.0
44.11,29.0
44.12,28.0
44.13,34.0
44.14,41.0
44.15,32.0
44.16,42.0
44.17,44.0
44.18,52.0
44.19,37.0
44.2,51.0
44.21,59.0
44.22,66.0
44.23,60.0
44.24,76.0
44.25,83.0
44.26,90.0
44.27,101.0
44.28,119.0
44.29,113.0
44.3,138.0
44.31,114.0
44.32,125.0
44.33,152.0
44.34,156.0
44.35,161.0
44.36,163.0
44.37,182.0
44.38,170.0
44.39,140.0
44.4,163.0
44.41,162.0
44.42,186.0
44.43,151.0
44.44,130.0
44.45,152.0
44.46,155.0
44.47,151.0
44.48,141.0
44.49,129.0
44.5,125.0
44.51,115.0
44.52,98.0
44.53,100.0
44.54,103.0
44.55,97.0
44.56,91.0
44.57,77.0
44.58,75.0
44.59,59.0
44.6,66.0
44.61,71.0
44.62,55.0
44.63,69.0
44.64,49.0
44.65,51.0
44.66,53.0
44.67,39.0
44.68,45.0
44.69,47.0
44.7,39.0
44.71,36.0
44.72,25.0
44.73,35.0
44.74,39.0
44.75,23.0
44.76,26.0
44.77,30.0
44.78,21.0
44.79,27.0
44.8,21.0
44.81,25.0
44.82,18.0
44.83,15.0
44.84,31.0
44.85,20.0
44.86,24.0
44.87,25.0
44.88,16.0
44.89,25.0
44.9,28.0
44.91,16.0
44.92,16.0
44.93,21.0
44.94,21.0
44.95,21.0
44.96,21.0
44.97,20.0
44.98,19.0
44.99,14.0
45.0,25.0
45.01,26.0
45.02,12.0
45.03,21.0
45.04,15.0
45.05,15.0
45.06,14.0
45.07,11.0
45.08,8.0
45.09,16.0
45.1,21.0
45.11,16.0
45.12,19.0
45.13,24.0
45.14,17.0
45.15,20.0
45.16,18.0
45.17,29.0
45.18,21.0
45.19,14.0
45.2,15.0
45.21,18.0
45.22,18.0
45.23,10.0
45.24,13.0
45.25,17.0
45.26,19.0
45.27,27.0
45.28,24.0
45.29,15.0
45.3,22.0
45.31,17.0
45.32,17.0
45.33,16.0
45.34,21.0
45.35,26.0
45.36,18.0
45.37,22.0
45.38,15.0
45.39,20.0
45.4,13.0
45.41,16.0
45.42,17.0
45.43,17.0
45.44,25.0
45.45,14.0
45.46,18.0
45.47,14.0
45.48,23.0
45.49,16.0
45.5,20.0
45.51,21.0
45.52,15.0
45.53,24.0
45.54,22.0
45.55,29.0
45.56,23.0
45.57,19.0
45.58,22.0
45.59,26.0
45.6,22.0
45.61,25.0
45.62,25.0
45.63,34.0
45.64,22.0
45.65,37.0
45.66,25.0
45.67,23.0
45.68,24.0
45.69,27.0
45.7,28.0
45.71,41.0
45.72,46.0
45.73,41.0
45.74,45.0
45.75,27.0
45.76,29.0
45.77,37.0
45.78,27.0
45.79,38.0
45.8,30.0
45.81,38.0
45.82,47.0
45.83,47.0
45.84,42.0
45.85,49.0
45.86,44.0
45.87,48.0
45.88,48.0
45.89,60.0
45.9,42.0
45.91,41.0
45.92,63.0
45.93,67.0
45.94,52.0
45.95,42.0
45.96,50.0
45.97,56.0
45.98,34.0
45.99,60.0
46.0,50.0
46.01,61.0
46.02,55.0
46.03,61.0
46.04,49.0
46.05,49.0
46.06,56.0
46.07,46.0
46.08,49.0
46.09,41.0
46.1,46.0
46.11,37.0
46.12,48.0
46.13,45.0
46.14,45.0
46.15,32.0
46.16,41.0
46.17,45.0
46.18,26.0
46.19,52.0
46.2,39.0
46.21,36.0
46.22,43.0
46.23,37.0
46.24,38.0
46.25,27.0
46.26,37.0
46.27,29.0
46.28,44.0
46.29,31.0
46.3,25.0
46.31,19.0
46.32,24.0
46.33,25.0
46.34,31.0
46.35,30.0
46.36,25.0
46.37,26.0
46.38,17.0
46.39,30.0
46.4,30.0
46.41,19.0
46.42,29.0
46.43,25.0
46.44,26.0
46.45,23.0
46.46,21.0
46.47,20.0
46.48,23.0
46.49,17.0
46.5,26.0
46.51,16.0
46.52,18.0
46.53,26.0
46.54,27.0
46.55,21.0
46.56,27.0
46.57,22.0
46.58,15.0
46.59,24.0
46.6,11.0
46.61,23.0
46.62,18.0
46.63,24.0
46.64,29.0
46.65,32.0
46.66,20.0
46.67,33.0
46.68,27.0
46.69,20.0
46.7,25.0
46.71,36.0
46.72,31.0
46.73,28.0
46.74,23.0
46.75,37.0
46.76,38.0
46.77,50.0
46.78,35.0
46.79,52.0
46.8,51.0
46.81,43.0
46.82,56.0
46.83,59.0
46.84,55.0
46.85,55.0
46.86,61.0
46.87,66.0
46.88,66.0
46.89,83.0
46.9,60.0
46.91,68.0
46.92,54.0
46.93,65.0
46.94,54.0
46.95,62.0
46.96,50.0
46.97,76.0
46.98,60.0
46.99,57.0
47.0,63.0
47.01,58.0
47.02,54.0
47.03,46.0
47.04,46.0
47.05,51.0
47.06,52.0
47.07,33.0
47.08,35.0
47.09,41.0
47.1,25.0
47.11,31.0
47.12,40.0
47.13,37.0
47.14,21.0
47.15,29.0
47.16,29.0
47.17,22.0
47.18,34.0
47.19,22.0
47.2,28.0
47.21,25.0
47.22,29.0
47.23,19.0
47.24,19.0
47.25,21.0
47.26,20.0
47.27,19.0
47.28,28.0
47.29,20.0
47.3,17.0
47.31,21.0
47.32,22.0
47.33,17.0
47.34,21.0
47.35,16.0
47.36,16.0
47.37,14.0
47.38,16.0
47.39,20.0
47.4,14.0
47.41,20.0
47.42,13.0
47.43,23.0
47.44,16.0
47.45,19.0
47.46,18.0
47.47,17.0
47.48,14.0
47.49,22.0
47.5,21.0
47.51,24.0
47.52,20.0
47.53,23.0
47.54,20.0
47.55,16.0
47.56,25.0
47.57,12.0
47.58,19.0
47.59,25.0
47.6,20.0
47.61,16.0
47.62,15.0
47.63,27.0
47.64,17.0
47.65,24.0
47.66,31.0
47.67,36.0
47.68,23.0
47.69,28.0
47.7,37.0
47.71,32.0
47.72,28.0
47.73,29.0
47.74,32.0
47.75,29.0
47.76,41.0
47.77,32.0
47.78,35.0
47.79,40.0
47.8,33.0
47.81,41.0
47.82,40.0
47.83,33.0
47.84,48.0
47.85,42.0
47.86,47.0
47.87,49.0
47.88,64.0
47.89,65.0
47.9,68.0
47.91,58.0
47.92,65.0
47.93,69.0
47.94,62.0
47.95,89.0
47.96,90.0
47.97,77.0
47.98,96.0
47.99,84.0
48.0,82.0
48.01,76.0
48.02,69.0
48.03,86.0
48.04,73.0
48.05,66.0
48.06,87.0
48.07,94.0
48.08,89.0
48.09,78.0
48.1,80.0
48.11,70.0
48.12,84.0
48.13,78.0
48.14,79.0
48.15,84.0
48.16,72.0
48.17,77.0
48.18,66.0
48.19,61.0
48.2,66.0
48.21,59.0
48.22,60.0
48.23,55.0
48.24,45.0
48.25,51.0
48.26,53.0
48.27,50.0
48.28,43.0
48.29,45.0
48.3,48.0
48.31,37.0
48.32,51.0
48.33,40.0
48.34,36.0
48.35,44.0
48.36,34.0
48.37,30.0
48.38,38.0
48.39,28.0
48.4,31.0
48.41,29.0
48.42,30.0
48.43,23.0
48.44,24.0
48.45,21.0
48.46,13.0
48.47,21.0
48.48,16.0
48.49,17.0
48.5,19.0
48.51,20.0
48.52,9.0
48.53,19.0
48.54,19.0
48.55,19.0
48.56,10.0
48.57,18.0
48.58,15.0
48.59,16.0
48.6,17.0
48.61,24.0
48.62,19.0
48.63,16.0
48.64,21.0
48.65,7.0
48.66,13.0
48.67,12.0
48.68,14.0
48.69,19.0
48.7,7.0
48.71,16.0
48.72,18.0
48.73,11.0
48.74,14.0
48.75,14.0
48.76,8.0
48.77,11.0
48.78,17.0
48.79,10.0
48.8,8.0
48.81,12.0
48.82,22.0
48.83,18.0
48.84,14.0
48.85,10.0
48.86,19.0
48.87,17.0
48.88,15.0
48.89,19.0
48.9,24.0
48.91,11.0
48.92,13.0
48.93,22.0
48.94,13.0
48.95,15.0
48.96,10.0
48.97,12.0
48.98,14.0
48.99,12.0
49.0,12.0
49.01,14.0
49.02,14.0
49.03,11.0
49.04,14.0
49.05,17.0
49.06,15.0
49.07,10.0
49.08,11.0
49.09,11.0
49.1,15.0
49.11,18.0
49.12,12.0
49.13,13.0
49.14,12.0
49.15,8.0
49.16,8.0
49.17,14.0
49.18,9.0
49.19,14.0
49.2,13.0
49.21,15.0
49.22,14.0
49.23,17.0
49.24,11.0
49.25,11.0
49.26,12.0
49.27,14.0
49.28,8.0
49.29,13.0
49.3,19.0
49.31,12.0
49.32,13.0
49.33,11.0
49.34,18.0
49.35,12.0
49.36,13.0
49.37,13.0
49.38,14.0
49.39,12.0
49.4,15.0
49.41,16.0
49.42,18.0
49.43,8.0
49.44,12.0
49.45,12.0
49.46,10.0
49.47,18.0
49.48,10.0
49.49,11.0
49.5,13.0
49.51,9.0
49.52,12.0
49.53,11.0
49.54,13.0
49.55,13.0
49.56,30.0
49.57,17.0
49.58,12.0
49.59,11.0
49.6,14.0
49.61,16.0
49.62,13.0
49.63,14.0
49.64,17.0
49.65,21.0
49.66,14.0
49.67,19.0
49.68,9.0
49.69,22.0
49.7,11.0
49.71,15.0
49.72,14.0
49.73,17.0
49.74,10.0
49.75,22.0
49.76,22.0
49.77,21.0
49.78,19.0
49.79,18.0
49.8,14.0
49.81,21.0
49.82,14.0
49.83,18.0
49.84,18.0
49.85,22.0
49.86,22.0
49.87,21.0
49.88,19.0
49.89,26.0
49.9,21.0
49.91,19.0
49.92,27.0
49.93,18.0
49.94,18.0
49.95,19.0
49.96,19.0
49.97,20.0
49.98,20.0
49.99,14.0
50.0,26.0
50.01,28.0
50.02,25.0
50.03,21.0
50.04,32.0
50.05,46.0
50.06,34.0
50.07,39.0
50.08,30.0
50.09,48.0
50.1,55.0
50.11,38.0
50.12,61.0
50.13,43.0
50.14,56.0
50.15,63.0
50.16,46.0
50.17,71.0
50.18,73.0
50.19,78.0
50.2,69.0
50.21,78.0
50.22,83.0
50.23,76.0
50.24,90.0
50.25,92.0
50.26,101.0
50.27,79.0
50.28,90.0
50.29,89.0
50.3,81.0
50.31,81.0
50.32,88.0
50.33,95.0
50.34,76.0
50.35,76.0
50.36,89.0
50.37,54.0
50.38,93.0
50.39,61.0
50.4,75.0
50.41,62.0
50.42,79.0
50.43,76.0
50.44,80.0
50.45,72.0
50.46,57.0
50.47,76.0
50.48,62.0
50.49,63.0
50.5,58.0
50.51,46.0
50.52,66.0
50.53,47.0
50.54,56.0
50.55,51.0
50.56,68.0
50.57,58.0
50.58,69.0
50.59,55.0
50.6,59.0
50.61,63.0
50.62,42.0
50.63,54.0
50.64,52.0
50.65,44.0
50.66,50.0
50.67,48.0
50.68,55.0
50.69,72.0
50.7,33.0
50.71,44.0
50.72,33.0
50.73,40.0
50.74,39.0
50.75,41.0
50.76,30.0
50.77,28.0
50.78,45.0
50.79,30.0
50.8,38.0
50.81,30.0
50.82,28.0
50.83,41.0
50.84,25.0
50.85,40.0
50.86,32.0
50.87,27.0
50.88,28.0
50.89,15.0
50.9,32.0
50.91,19.0
50.92,32.0
50.93,24.0
50.94,34.0
50.95,18.0
50.96,17.0
50.97,24.0
50.98,37.0
50.99,21.0
51.0,25.0
51.01,19.0
51.02,20.0
51.03,19.0
51.04,17.0
51.05,19.0
51.06,17.0
51.07,19.0
51.08,8.0
51.09,20.0
51.1,14.0
51.11,19.0
51.12,20.0
51.13,19.0
51.14,18.0
51.15,20.0
51.16,11.0
51.17,22.0
51.18,17.0
51.19,14.0
51.2,26.0
51.21,16.0
51.22,14.0
51.23,18.0
51.24,20.0
51.25,19.0
51.26,21.0
51.27,16.0
51.28,11.0
51.29,8.0
51.3,12.0
51.31,10.0
51.32,12.0
51.33,11.0
51.34,8.0
51.35,10.0
51.36,19.0
51.37,11.0
51.38,14.0
51.39,14.0
51.4,17.0
51.41,14.0
51.42,6.0
51.43,13.0
51.44,11.0
51.45,14.0
51.46,19.0
51.47,10.0
51.48,14.0
51.49,22.0
51.5,14.0
51.51,11.0
51.52,8.0
51.53,14.0
51.54,13.0
51.55,19.0
51.56,14.0
51.57,12.0
51.58,18.0
51.59,15.0
51.6,9.0
51.61,11.0
51.62,14.0
51.63,15.0
51.64,12.0
51.65,11.0
51.66,12.0
51.67,16.0
51.68,17.0
51.69,12.0
51.7,14.0
51.71,13.0
51.72,17.0
51.73,7.0
51.74,16.0
51.75,10.0
51.76,11.0
51.77,16.0
51.78,10.0
51.79,15.0
51.8,11.0
51.81,16.0
51.82,18.0
51.83,12.0
51.84,12.0
51.85,13.0
51.86,14.0
51.87,20.0
51.88,11.0
51.89,13.0
51.9,20.0
51.91,16.0
51.92,15.0
51.93,12.0
51.94,12.0
51.95,15.0
51.96,19.0
51.97,20.0
51.98,16.0
51.99,15.0
52.0,16.0
52.01,20.0
52.02,19.0
52.03,23.0
52.04,16.0
52.05,28.0
52.06,20.0
52.07,24.0
52.08,21.0
52.09,21.0
52.1,23.0
52.11,16.0
52.12,21.0
52.13,13.0
52.14,23.0
52.15,20.0
52.16,24.0
52.17,18.0
52.18,26.0
52.19,15.0
52.2,20.0
52.21,19.0
52.22,9.0
52.23,14.0
52.24,8.0
52.25,13.0
52.26,10.0
52.27,18.0
52.28,20.0
52.29,13.0
52.3,12.0
52.31,17.0
52.32,12.0
52.33,10.0
52.34,13.0
52.35,9.0
52.36,11.0
52.37,19.0
52.38,17.0
52.39,13.0
52.4,12.0
52.41,9.0
52.42,12.0
52.43,15.0
52.44,11.0
52.45,11.0
52.46,12.0
52.47,4.0
52.48,10.0
52.49,15.0
52.5,9.0
52.51,8.0
52.52,13.0
52.53,14.0
52.54,10.0
52.55,13.0
52.56,10.0
52.57,15.0
52.58,13.0
52.59,11.0
52.6,7.0
52.61,7.0
52.62,10.0
52.63,7.0
52.64,11.0
52.65,12.0
52.66,10.0
52.67,7.0
52.68,15.0
52.69,13.0
52.7,13.0
52.71,12.0
52.72,9.0
52.73,14.0
52.74,8.0
52.75,14.0
52.76,19.0
52.77,10.0
52.78,11.0
52.79,14.0
52.8,9.0
52.81,14.0
52.82,11.0
52.83,16.0
52.84,13.0
52.85,15.0
52.86,14.0
52.87,13.0
52.88,10.0
52.89,10.0
52.9,14.0
52.91,9.0
52.92,10.0
52.93,13.0
52.94,14.0
52.95,10.0
52.96,15.0
52.97,9.0
52.98,8.0
52.99,14.0
53.0,18.0
53.01,16.0
53.02,4.0
53.03,15.0
53.04,13.0
53.05,11.0
53.06,13.0
53.07,14.0
53.08,11.0
53.09,6.0
53.1,11.0
53.11,13.0
53.12,10.0
53.13,13.0
53.14,14.0
53.15,12.0
53.16,11.0
53.17,14.0
53.18,12.0
53.19,18.0
53.2,14.0
53.21,10.0
53.22,16.0
53.23,19.0
53.24,5.0
53.25,15.0
53.26,16.0
53.27,12.0
53.28,11.0
53.29,15.0
53.3,6.0
53.31,17.0
53.32,12.0
53.33,20.0
53.34,12.0
53.35,13.0
53.36,17.0
53.37,22.0
53.38,14.0
53.39,14.0
53.4,8.0
53.41,16.0
53.42,14.0
53.43,7.0
53.44,17.0
53.45,17.0
53.46,13.0
53.47,19.0
53.48,15.0
53.49,12.0
53.5,11.0
53.51,15.0
53.52,12.0
53.53,9.0
53.54,10.0
53.55,16.0
53.56,18.0
53.57,12.0
53.58,11.0
53.59,17.0
53.6,10.0
53.61,10.0
53.62,10.0
53.63,14.0
53.64,11.0
53.65,7.0
53.66,14.0
53.67,12.0
53.68,9.0
53.69,17.0
53.7,16.0
53.71,14.0
53.72,16.0
53.73,8.0
53.74,9.0
53.75,13.0
53.76,11.0
53.77,7.0
53.78,7.0
53.79,15.0
53.8,15.0
53.81,10.0
53.82,17.0
53.83,8.0
53.84,14.0
53.85,11.0
53.86,14.0
53.87,12.0
53.88,16.0
53.89,11.0
53.9,6.0
53.91,12.0
53.92,13.0
53.93,11.0
53.94,13.0
53.95,12.0
53.96,10.0
53.97,12.0
53.98,13.0
53.99,9.0
54.0,15.0
54.01,13.0
54.02,11.0
54.03,8.0
54.04,4.0
54.05,16.0
54.06,10.0
54.07,10.0
54.08,13.0
54.09,16.0
54.1,11.0
54.11,7.0
54.12,7.0
54.13,7.0
54.14,7.0
54.15,16.0
54.16,9.0
54.17,17.0
54.18,11.0
54.19,8.0
54.2,14.0
54.21,10.0
54.22,10.0
54.23,11.0
54.24,14.0
54.25,14.0
54.26,9.0
54.27,13.0
54.28,1.0
54.29,15.0
54.3,7.0
54.31,10.0
54.32,13.0
54.33,11.0
54.34,8.0
54.35,14.0
54.36,8.0
54.37,13.0
54.38,15.0
54.39,5.0
54.4,9.0
54.41,12.0
54.42,11.0
54.43,15.0
54.44,7.0
54.45,6.0
54.46,12.0
54.47,8.0
54.48,13.0
54.49,8.0
54.5,10.0
54.51,14.0
54.52,17.0
54.53,8.0
54.54,15.0
54.55,15.0
54.56,7.0
54.57,12.0
54.58,11.0
54.59,12.0
54.6,13.0
54.61,10.0
54.62,12.0
54.63,15.0
54.64,8.0
54.65,5.0
54.66,6.0
54.67,15.0
54.68,8.0
54.69,7.0
54.7,8.0
54.71,9.0
54.72,11.0
54.73,7.0
54.74,4.0
54.75,13.0
54.76,9.0
54.77,10.0
54.78,10.0
54.79,13.0
54.8,8.0
54.81,8.0
54.82,11.0
54.83,13.0
54.84,14.0
54.85,16.0
54.86,6.0
54.87,8.0
54.88,7.0
54.89,7.0
54.9,11.0
54.91,7.0
54.92,9.0
54.93,10.0
54.94,10.0
54.95,7.0
54.96,13.0
54.97,6.0
54.98,3.0
54.99,3.0
55.0,9.0
55.01,15.0
55.02,11.0
55.03,16.0
55.04,14.0
55.05,12.0
55.06,11.0
55.07,10.0
55.08,10.0
55.09,11.0
55.1,9.0
55.11,11.0
55.12,7.0
55.13,6.0
55.14,11.0
55.15,11.0
55.16,17.0
55.17,12.0
55.18,6.0
55.19,14.0
55.2,12.0
55.21,18.0
55.22,15.0
55.23,15.0
55.24,17.0
55.25,17.0
55.26,13.0
55.27,15.0
55.28,11.0
55.29,16.0
55.3,11.0
55.31,18.0
55.32,13.0
55.33,18.0
55.34,13.0
55.35,13.0
55.36,5.0
55.37,11.0
55.38,13.0
55.39,11.0
55.4,12.0
55.41,11.0
55.42,18.0
55.43,12.0
55.44,14.0
55.45,5.0
55.46,12.0
55.47,17.0
55.48,21.0
55.49,21.0
55.5,13.0
55.51,12.0
55.52,12.0
55.53,13.0
55.54,10.0
55.55,14.0
55.56,13.0
55.57,14.0
55.58,15.0
55.59,16.0
55.6,15.0
55.61,10.0
55.62,12.0
55.63,11.0
55.64,16.0
55.65,10.0
55.66,13.0
55.67,10.0
55.68,14.0
55.69,9.0
55.7,7.0
55.71,8.0
55.72,15.0
55.73,10.0
55.74,6.0
55.75,14.0
55.76,9.0
55.77,11.0
55.78,9.0
55.79,15.0
55.8,7.0
55.81,11.0
55.82,15.0
55.83,11.0
55.84,12.0
55.85,9.0
55.86,14.0
55.87,8.0
55.88,14.0
55.89,6.0
55.9,5.0
55.91,8.0
55.92,10.0
55.93,11.0
55.94,10.0
55.95,6.0
55.96,11.0
55.97,11.0
55.98,9.0
55.99,7.0
56.0,17.0
56.01,7.0
56.02,9.0
56.03,12.0
56.04,5.0
56.05,10.0
56.06,10.0
56.07,7.0
56.08,10.0
56.09,13.0
56.1,21.0
56.11,14.0
56.12,12.0
56.13,9.0
56.14,8.0
56.15,13.0
56.16,3.0
56.17,9.0
56.18,7.0
56.19,11.0
56.2,6.0
56.21,6.0
56.22,11.0
56.23,6.0
56.24,12.0
56.25,5.0
56.26,14.0
56.27,12.0
56.28,9.0
56.29,10.0
56.3,9.0
56.31,7.0
56.32,12.0
56.33,14.0
56.34,4.0
56.35,12.0
56.36,14.0
56.37,13.0
56.38,9.0
56.39,6.0
56.4,4.0
56.41,7.0
56.42,13.0
56.43,5.0
56.44,14.0
56.45,8.0
56.46,10.0
56.47,11.0
56.48,9.0
56.49,10.0
56.5,8.0
56.51,5.0
56.52,11.0
56.53,9.0
56.54,15.0
56.55,10.0
56.56,7.0
56.57,9.0
56.58,8.0
56.59,11.0
56.6,10.0
56.61,12.0
56.62,11.0
56.63,10.0
56.64,15.0
56.65,10.0
56.66,9.0
56.67,11.0
56.68,14.0
56.69,11.0
56.7,14.0
56.71,9.0
56.72,11.0
56.73,14.0
56.74,12.0
56.75,16.0
56.76,10.0
56.77,14.0
56.78,16.0
56.79,17.0
56.8,8.0
56.81,14.0
56.82,17.0
56.83,7.0
56.84,13.0
56.85,14.0
56.86,10.0
56.87,8.0
56.88,9.0
56.89,9.0
56.9,16.0
56.91,12.0
56.92,13.0
56.93,18.0
56.94,13.0
56.95,16.0
56.96,14.0
56.97,18.0
56.98,15.0
56.99,11.0
57.0,13.0
57.01,19.0
57.02,13.0
57.03,10.0
57.04,17.0
57.05,28.0
57.06,23.0
57.07,13.0
57.08,13.0
57.09,12.0
57.1,12.0
57.11,27.0
57.12,20.0
57.13,10.0
57.14,14.0
57.15,13.0
57.16,24.0
57.17,18.0
57.18,18.0
57.19,15.0
57.2,17.0
57.21,12.0
57.22,10.0
57.23,15.0
57.24,19.0
57.25,17.0
57.26,14.0
57.27,23.0
57.28,21.0
57.29,23.0
57.3,15.0
57.31,19.0
57.32,17.0
57.33,22.0
57.34,16.0
57.35,20.0
57.36,12.0
57.37,16.0
57.38,20.0
57.39,17.0
57.4,19.0
57.41,25.0
57.42,26.0
57.43,19.0
57.44,32.0
57.45,21.0
57.46,19.0
57.47,25.0
57.48,27.0
57.49,21.0
57.5,25.0
57.51,39.0
57.52,26.0
57.53,23.0
57.54,32.0
57.55,40.0
57.56,33.0
57.57,26.0
57.58,32.0
57.59,35.0
57.6,20.0
57.61,30.0
57.62,35.0
57.63,26.0
57.64,39.0
57.65,32.0
57.66,20.0
57.67,37.0
57.68,40.0
57.69,26.0
57.7,33.0
57.71,30.0
57.72,34.0
57.73,19.0
57.74,29.0
57.75,29.0
57.76,28.0
57.77,24.0
57.78,30.0
57.79,31.0
57.8,31.0
57.81,25.0
57.82,24.0
57.83,20.0
57.84,20.0
57.85,18.0
57.86,15.0
57.87,23.0
57.88,20.0
57.89,15.0
57.9,23.0
57.91,18.0
57.92,22.0
57.93,14.0
57.94,20.0
57.95,12.0
57.96,20.0
57.97,25.0
57.98,13.0
57.99,16.0
58.0,20.0
58.01,13.0
58.02,12.0
58.03,17.0
58.04,15.0
58.05,23.0
58.06,14.0
58.07,9.0
58.08,17.0
58.09,14.0
58.1,12.0
58.11,10.0
58.12,14.0
58.13,10.0
58.14,13.0
58.15,22.0
58.16,14.0
58.17,10.0
58.18,8.0
58.19,14.0
58.2,14.0
58.21,13.0
58.22,16.0
58.23,13.0
58.24,12.0
58.25,24.0
58.26,12.0
58.27,14.0
58.28,11.0
58.29,17.0
58.3,17.0
58.31,6.0
58.32,18.0
58.33,5.0
58.34,10.0
58.35,14.0
58.36,13.0
58.37,14.0
58.38,12.0
58.39,18.0
58.4,9.0
58.41,18.0
58.42,13.0
58.43,12.0
58.44,13.0
58.45,14.0
58.46,8.0
58.47,21.0
58.48,15.0
58.49,20.0
58.5,12.0
58.51,12.0
58.52,7.0
58.53,17.0
58.54,13.0
58.55,16.0
58.56,14.0
58.57,19.0
58.58,13.0
58.59,12.0
58.6,16.0
58.61,9.0
58.62,12.0
58.63,18.0
58.64,8.0
58.65,10.0
58.66,12.0
58.67,12.0
58.68,16.0
58.69,10.0
58.7,16.0
58.71,16.0
58.72,10.0
58.73,14.0
58.74,17.0
58.75,11.0
58.76,15.0
58.77,16.0
58.78,16.0
58.79,15.0
58.8,8.0
58.81,5.0
58.82,14.0
58.83,14.0
58.84,10.0
58.85,14.0
58.86,13.0
58.87,16.0
58.88,12.0
58.89,13.0
58.9,15.0
58.91,14.0
58.92,12.0
58.93,9.0
58.94,17.0
58.95,14.0
58.96,25.0
58.97,18.0
58.98,21.0
58.99,19.0
59.0,14.0
59.01,14.0
59.02,23.0
59.03,21.0
59.04,17.0
59.05,28.0
59.06,23.0
59.07,16.0
59.08,26.0
59.09,15.0
59.1,22.0
59.11,17.0
59.12,23.0
59.13,20.0
59.14,19.0
59.15,22.0
59.16,23.0
59.17,17.0
59.18,17.0
59.19,25.0
59.2,22.0
59.21,24.0
59.22,26.0
59.23,36.0
59.24,24.0
59.25,20.0
59.26,38.0
59.27,40.0
59.28,27.0
59.29,30.0
59.3,17.0
59.31,27.0
59.32,30.0
59.33,24.0
59.34,29.0
59.35,28.0
59.36,31.0
59.37,22.0
59.38,21.0
59.39,23.0
59.4,18.0
59.41,29.0
59.42,24.0
59.43,23.0
59.44,20.0
59.45,23.0
59.46,24.0
59.47,17.0
59.48,16.0
59.49,21.0
59.5,22.0
59.51,29.0
59.52,14.0
59.53,19.0
59.54,22.0
59.55,20.0
59.56,23.0
59.57,19.0
59.58,9.0
59.59,14.0
59.6,21.0
59.61,16.0
59.62,18.0
59.63,19.0
59.64,13.0
59.65,19.0
59.66,26.0
59.67,13.0
59.68,11.0
59.69,19.0
59.7,16.0
59.71,16.0
59.72,12.0
59.73,14.0
59.74,15.0
59.75,13.0
59.76,17.0
59.77,16.0
59.78,22.0
59.79,23.0
59.8,15.0
59.81,15.0
59.82,10.0
59.83,14.0
59.84,16.0
59.85,14.0
59.86,16.0
59.87,9.0
59.88,21.0
59.89,15.0
59.9,16.0
59.91,18.0
59.92,21.0
59.93,15.0
59.94,16.0
59.95,12.0
59.96,17.0
59.97,23.0
59.98,8.0
59.99,18.0
60.0,22.0
60.01,18.0
60.02,17.0
60.03,14.0
60.04,12.0
60.05,14.0
60.06,22.0
60.07,20.0
60.08,22.0
60.09,16.0
60.1,18.0
60.11,20.0
60.12,24.0
60.13,26.0
60.14,19.0
60.15,18.0
60.16,18.0
60.17,22.0
60.18,15.0
60.19,20.0
60.2,22.0
60.21,15.0
60.22,16.0
60.23,19.0
60.24,19.0
60.25,30.0
60.26,25.0
60.27,21.0
60.28,28.0
60.29,22.0
60.3,26.0
60.31,21.0
60.32,15.0
60.33,24.0
60.34,25.0
60.35,15.0
60.36,16.0
60.37,18.0
60.38,13.0
60.39,25.0
60.4,33.0
60.41,14.0
60.42,24.0
60.43,19.0
60.44,21.0
60.45,18.0
60.46,16.0
60.47,20.0
60.48,23.0
60.49,16.0
60.5,23.0
60.51,26.0
60.52,15.0
60.53,18.0
60.54,17.0
60.55,17.0
60.56,22.0
60.57,16.0
60.58,17.0
60.59,14.0
60.6,22.0
60.61,16.0
60.62,16.0
60.63,10.0
60.64,14.0
60.65,17.0
60.66,9.0
60.67,16.0
60.68,17.0
60.69,18.0
60.7,11.0
60.71,23.0
60.72,11.0
60.73,22.0
60.74,13.0
60.75,18.0
60.76,16.0
60.77,15.0
60.78,16.0
60.79,11.0
60.8,14.0
60.81,16.0
60.82,14.0
60.83,17.0
60.84,9.0
60.85,12.0
60.86,11.0
60.87,9.0
60.88,12.0
60.89,13.0
60.9,11.0
60.91,10.0
60.92,11.0
60.93,25.0
60.94,13.0
60.95,9.0
60.96,13.0
60.97,8.0
60.98,12.0
60.99,12.0
61.0,9.0
61.01,13.0
61.02,15.0
61.03,9.0
61.04,11.0
61.05,11.0
61.06,14.0
61.07,14.0
61.08,15.0
61.09,10.0
61.1,7.0
61.11,10.0
61.12,14.0
61.13,12.0
61.14,13.0
61.15,11.0
61.16,13.0
61.17,7.0
61.18,14.0
61.19,7.0
61.2,9.0
61.21,11.0
61.22,15.0
61.23,9.0
61.24,23.0
61.25,17.0
61.26,12.0
61.27,11.0
61.28,14.0
61.29,11.0
61.3,5.0
61.31,13.0
61.32,11.0
61.33,12.0
61.34,13.0
61.35,18.0
61.36,12.0
61.37,11.0
61.38,15.0
61.39,9.0
61.4,8.0
61.41,6.0
61.42,8.0
61.43,10.0
61.44,6.0
61.45,5.0
61.46,8.0
61.47,5.0
61.48,9.0
61.49,8.0
61.5,10.0
61.51,8.0
61.52,7.0
61.53,14.0
61.54,12.0
61.55,6.0
61.56,15.0
61.57,12.0
61.58,12.0
61.59,15.0
61.6,11.0
61.61,14.0
61.62,10.0
61.63,8.0
61.64,5.0
61.65,13.0
61.66,13.0
61.67,10.0
61.68,11.0
61.69,10.0
61.7,13.0
61.71,7.0
61.72,10.0
61.73,7.0
61.74,10.0
61.75,7.0
61.76,17.0
61.77,17.0
61.78,12.0
61.79,10.0
61.8,11.0
61.81,14.0
61.82,10.0
61.83,15.0
61.84,10.0
61.85,14.0
61.86,18.0
61.87,15.0
61.88,10.0
61.89,8.0
61.9,14.0
61.91,17.0
61.92,14.0
61.93,11.0
61.94,12.0
61.95,12.0
61.96,7.0
61.97,18.0
61.98,10.0
61.99,11.0
62.0,14.0
62.01,9.0
62.02,11.0
62.03,12.0
62.04,8.0
62.05,13.0
62.06,12.0
62.07,11.0
62.08,8.0
62.09,9.0
62.1,9.0
62.11,14.0
62.12,10.0
62.13,8.0
62.14,9.0
62.15,9.0
62.16,8.0
62.17,17.0
62.18,4.0
62.19,8.0
62.2,11.0
62.21,4.0
62.22,10.0
62.23,11.0
62.24,12.0
62.25,16.0
62.26,8.0
62.27,6.0
62.28,8.0
62.29,9.0
62.3,8.0
62.31,9.0
62.32,10.0
62.33,12.0
62.34,9.0
62.35,15.0
62.36,10.0
62.37,11.0
62.38,9.0
62.39,8.0
62.4,8.0
62.41,15.0
62.42,13.0
62.43,9.0
62.44,10.0
62.45,11.0
62.46,7.0
62.47,11.0
62.48,12.0
62.49,5.0
62.5,9.0
62.51,13.0
62.52,11.0
62.53,7.0
62.54,14.0
62.55,8.0
62.56,15.0
62.57,13.0
62.58,13.0
62.59,8.0
62.6,7.0
62.61,18.0
62.62,8.0
62.63,11.0
62.64,8.0
62.65,12.0
62.66,9.0
62.67,10.0
62.68,14.0
62.69,10.0
62.7,10.0
62.71,10.0
62.72,5.0
62.73,10.0
62.74,12.0
62.75,12.0
62.76,11.0
62.77,12.0
62.78,16.0
62.79,17.0
62.8,19.0
62.81,10.0
62.82,17.0
62.83,7.0
62.84,14.0
62.85,15.0
62.86,17.0
62.87,7.0
62.88,17.0
62.89,15.0
62.9,11.0
62.91,13.0
62.92,13.0
62.93,19.0
62.94,15.0
62.95,15.0
62.96,11.0
62.97,11.0
62.98,13.0
62.99,8.0
63.0,17.0
63.01,12.0
63.02,22.0
63.03,15.0
63.04,22.0
63.05,19.0
63.06,16.0
63.07,17.0
63.08,16.0
63.09,14.0
63.1,13.0
63.11,17.0
63.12,17.0
63.13,10.0
63.14,17.0
63.15,12.0
63.16,18.0
63.17,10.0
63.18,18.0
63.19,10.0
63.2,15.0
63.21,15.0
63.22,18.0
63.23,22.0
63.24,15.0
63.25,18.0
63.26,24.0
63.27,18.0
63.28,19.0
63.29,16.0
63.3,17.0
63.31,15.0
63.32,22.0
63.33,20.0
63.34,13.0
63.35,20.0
63.36,19.0
63.37,18.0
63.38,24.0
63.39,13.0
63.4,5.0
63.41,14.0
63.42,7.0
63.43,17.0
63.44,21.0
63.45,23.0
63.46,13.0
63.47,19.0
63.48,13.0
63.49,9.0
63.5,24.0
63.51,14.0
63.52,11.0
63.53,11.0
63.54,11.0
63.55,19.0
63.56,10.0
63.57,11.0
63.58,14.0
63.59,16.0
63.6,10.0
63.61,9.0
63.62,13.0
63.63,14.0
63.64,11.0
63.65,8.0
63.66,6.0
63.67,5.0
63.68,6.0
63.69,11.0
63.7,13.0
63.71,11.0
63.72,16.0
63.73,10.0
63.74,10.0
63.75,11.0
63.76,10.0
63.77,11.0
63.78,10.0
63.79,15.0
63.8,12.0
63.81,15.0
63.82,16.0
63.83,8.0
63.84,11.0
63.85,12.0
63.86,13.0
63.87,19.0
63.88,12.0
63.89,12.0
63.9,7.0
63.91,10.0
63.92,13.0
63.93,13.0
63.94,16.0
63.95,16.0
63.96,13.0
63.97,9.0
63.98,11.0
63.99,14.0
64.0,13.0
64.01,12.0
64.02,20.0
64.03,20.0
64.04,13.0
64.05,14.0
64.06,19.0
64.07,16.0
64.08,20.0
64.09,22.0
64.1,28.0
64.11,15.0
64.12,24.0
64.13,20.0
64.14,20.0
64.15,17.0
64.16,33.0
64.17,26.0
64.18,27.0
64.19,11.0
64.2,17.0
64.21,19.0
64.22,20.0
64.23,20.0
64.24,31.0
64.25,25.0
64.26,22.0
64.27,21.0
64.28,24.0
64.29,27.0
64.3,20.0
64.31,33.0
64.32,29.0
64.33,10.0
64.34,29.0
64.35,31.0
64.36,25.0
64.37,17.0
64.38,28.0
64.39,29.0
64.4,19.0
64.41,30.0
64.42,16.0
64.43,19.0
64.44,22.0
64.45,16.0
64.46,26.0
64.47,21.0
64.48,24.0
64.49,14.0
64.5,19.0
64.51,35.0
64.52,17.0
64.53,19.0
64.54,12.0
64.55,21.0
64.56,20.0
64.57,22.0
64.58,23.0
64.59,17.0
64.6,15.0
64.61,21.0
64.62,14.0
64.63,15.0
64.64,19.0
64.65,17.0
64.66,17.0
64.67,16.0
64.68,17.0
64.69,21.0
64.7,15.0
64.71,12.0
64.72,14.0
64.73,11.0
64.74,12.0
64.75,11.0
64.76,24.0
64.77,13.0
64.78,10.0
64.79,11.0
64.8,18.0
64.81,11.0
64.82,9.0
64.83,12.0
64.84,11.0
64.85,13.0
64.86,16.0
64.87,11.0
64.88,11.0
64.89,11.0
64.9,14.0
64.91,13.0
64.92,12.0
64.93,6.0
64.94,12.0
64.95,6.0
64.96,12.0
64.97,13.0
64.98,16.0
64.99,9.0
65.0,12.0
65.01,7.0
65.02,10.0
65.03,9.0
65.04,10.0
65.05,11.0
65.06,17.0
65.07,9.0
65.08,16.0
65.09,9.0
65.1,13.0
65.11,10.0
65.12,17.0
65.13,12.0
65.14,13.0
65.15,15.0
65.16,6.0
65.17,11.0
65.18,14.0
65.19,8.0
65.2,5.0
65.21,5.0
65.22,9.0
65.23,13.0
65.24,10.0
65.25,8.0
65.26,10.0
65.27,11.0
65.28,11.0
65.29,9.0
65.3,13.0
65.31,12.0
65.32,14.0
65.33,17.0
65.34,12.0
65.35,10.0
65.36,8.0
65.37,17.0
65.38,8.0
65.39,14.0
65.4,6.0
65.41,17.0
65.42,11.0
65.43,14.0
65.44,11.0
65.45,14.0
65.46,8.0
65.47,12.0
65.48,10.0
65.49,15.0
65.5,13.0
65.51,26.0
65.52,22.0
65.53,18.0
65.54,17.0
65.55,13.0
65.56,13.0
65.57,13.0
65.58,14.0
65.59,14.0
65.6,10.0
65.61,20.0
65.62,17.0
65.63,10.0
65.64,17.0
65.65,16.0
65.66,28.0
65.67,15.0
65.68,10.0
65.69,22.0
65.7,20.0
65.71,17.0
65.72,19.0
65.73,21.0
65.74,18.0
65.75,23.0
65.76,18.0
65.77,16.0
65.78,24.0
65.79,23.0
65.8,29.0
65.81,15.0
65.82,9.0
65.83,19.0
65.84,25.0
65.85,22.0
65.86,18.0
65.87,35.0
65.88,27.0
65.89,17.0
65.9,20.0
65.91,22.0
65.92,23.0
65.93,19.0
65.94,15.0
65.95,20.0
65.96,15.0
65.97,19.0
65.98,26.0
65.99,19.0
66.0,29.0
66.01,25.0
66.02,22.0
66.03,35.0
66.04,18.0
66.05,17.0
66.06,32.0
66.07,20.0
66.08,23.0
66.09,20.0
66.1,21.0
66.11,16.0
66.12,20.0
66.13,24.0
66.14,24.0
66.15,22.0
66.16,18.0
66.17,22.0
66.18,14.0
66.19,21.0
66.2,24.0
66.21,25.0
66.22,24.0
66.23,17.0
66.24,14.0
66.25,24.0
66.26,18.0
66.27,16.0
66.28,15.0
66.29,17.0
66.3,13.0
66.31,16.0
66.32,13.0
66.33,20.0
66.34,12.0
66.35,19.0
66.36,22.0
66.37,14.0
66.38,15.0
66.39,13.0
66.4,20.0
66.41,20.0
66.42,23.0
66.43,12.0
66.44,13.0
66.45,10.0
66.46,11.0
66.47,19.0
66.48,18.0
66.49,12.0
66.5,12.0
66.51,15.0
66.52,13.0
66.53,16.0
66.54,16.0
66.55,14.0
66.56,9.0
66.57,20.0
66.58,13.0
66.59,16.0
66.6,17.0
66.61,8.0
66.62,30.0
66.63,15.0
66.64,10.0
66.65,18.0
66.66,20.0
66.67,15.0
66.68,19.0
66.69,16.0
66.7,19.0
66.71,15.0
66.72,13.0
66.73,10.0
66.74,14.0
66.75,13.0
66.76,13.0
66.77,13.0
66.78,9.0
66.79,17.0
66.8,15.0
66.81,19.0
66.82,15.0
66.83,18.0
66.84,22.0
66.85,13.0
66.86,15.0
66.87,17.0
66.88,18.0
66.89,14.0
66.9,16.0
66.91,24.0
66.92,14.0
66.93,19.0
66.94,18.0
66.95,17.0
66.96,11.0
66.97,14.0
66.98,15.0
66.99,18.0
67.0,24.0
67.01,12.0
67.02,21.0
67.03,17.0
67.04,14.0
67.05,16.0
67.06,14.0
67.07,12.0
67.08,11.0
67.09,9.0
67.1,12.0
67.11,13.0
67.12,16.0
67.13,9.0
67.14,12.0
67.15,13.0
67.16,12.0
67.17,15.0
67.18,17.0
67.19,13.0
67.2,18.0
67.21,14.0
67.22,11.0
67.23,15.0
67.24,8.0
67.25,13.0
67.26,10.0
67.27,11.0
67.28,8.0
67.29,13.0
67.3,14.0
67.31,12.0
67.32,9.0
67.33,21.0
67.34,10.0
67.35,12.0
67.36,11.0
67.37,9.0
67.38,20.0
67.39,15.0
67.4,15.0
67.41,13.0
67.42,11.0
67.43,11.0
67.44,15.0
67.45,9.0
67.46,13.0
67.47,12.0
67.48,8.0
67.49,14.0
67.5,10.0
67.51,3.0
67.52,10.0
67.53,15.0
67.54,12.0
67.55,15.0
67.56,14.0
67.57,15.0
67.58,12.0
67.59,9.0
67.6,20.0
67.61,10.0
67.62,13.0
67.63,12.0
67.64,13.0
67.65,11.0
67.66,12.0
67.67,9.0
67.68,10.0
67.69,12.0
67.7,12.0
67.71,13.0
67.72,6.0
67.73,7.0
67.74,14.0
67.75,8.0
67.76,12.0
67.77,8.0
67.78,9.0
67.79,19.0
67.8,10.0
67.81,13.0
67.82,13.0
67.83,14.0
67.84,7.0
67.85,16.0
67.86,14.0
67.87,9.0
67.88,11.0
67.89,7.0
67.9,5.0
67.91,8.0
67.92,7.0
67.93,5.0
67.94,5.0
67.95,12.0
67.96,6.0
67.97,11.0
67.98,10.0
67.99,10.0
68.0,11.0
68.01,9.0
68.02,14.0
68.03,14.0
68.04,5.0
68.05,10.0
68.06,12.0
68.07,13.0
68.08,9.0
68.09,18.0
68.1,8.0
68.11,8.0
68.12,12.0
68.13,6.0
68.14,11.0
68.15,9.0
68.16,8.0
68.17,11.0
68.18,14.0
68.19,11.0
68.2,12.0
68.21,16.0
68.22,15.0
68.23,6.0
68.24,8.0
68.25,12.0
68.26,13.0
68.27,15.0
68.28,15.0
68.29,10.0
68.3,9.0
68.31,14.0
68.32,8.0
68.33,18.0
68.34,14.0
68.35,12.0
68.36,13.0
68.37,6.0
68.38,8.0
68.39,10.0
68.4,9.0
68.41,7.0
68.42,11.0
68.43,5.0
68.44,10.0
68.45,11.0
68.46,8.0
68.47,9.0
68.48,8.0
68.49,7.0
68.5,9.0
68.51,5.0
68.52,14.0
68.53,15.0
68.54,10.0
68.55,15.0
68.56,8.0
68.57,7.0
68.58,14.0
68.59,9.0
68.6,5.0
68.61,9.0
68.62,8.0
68.63,11.0
68.64,9.0
68.65,10.0
68.66,6.0
68.67,9.0
68.68,10.0
68.69,8.0
68.7,7.0
68.71,4.0
68.72,9.0
68.73,7.0
68.74,10.0
68.75,4.0
68.76,5.0
68.77,5.0
68.78,9.0
68.79,8.0
68.8,9.0
68.81,9.0
68.82,11.0
68.83,6.0
68.84,17.0
68.85,6.0
68.86,5.0
68.87,13.0
68.88,5.0
68.89,11.0
68.9,12.0
68.91,13.0
68.92,5.0
68.93,10.0
68.94,11.0
68.95,11.0
68.96,8.0
68.97,10.0
68.98,16.0
68.99,13.0
69.0,9.0
69.01,6.0
69.02,9.0
69.03,12.0
69.04,8.0
69.05,7.0
69.06,12.0
69.07,10.0
69.08,7.0
69.09,11.0
69.1,10.0
69.11,11.0
69.12,9.0
69.13,7.0
69.14,17.0
69.15,11.0
69.16,12.0
69.17,14.0
69.18,12.0
69.19,5.0
69.2,7.0
69.21,10.0
69.22,10.0
69.23,9.0
69.24,18.0
69.25,8.0
69.26,9.0
69.27,10.0
69.28,7.0
69.29,6.0
69.3,5.0
69.31,7.0
69.32,8.0
69.33,14.0
69.34,9.0
69.35,11.0
69.36,10.0
69.37,5.0
69.38,15.0
69.39,9.0
69.4,10.0
69.41,14.0
69.42,7.0
69.43,11.0
69.44,10.0
69.45,9.0
69.46,10.0
69.47,13.0
69.48,8.0
69.49,10.0
69.5,8.0
69.51,8.0
69.52,7.0
69.53,7.0
69.54,18.0
69.55,12.0
69.56,11.0
69.57,7.0
69.58,11.0
69.59,11.0
69.6,8.0
69.61,10.0
69.62,9.0
69.63,9.0
69.64,14.0
69.65,13.0
69.66,10.0
69.67,6.0
69.68,8.0
69.69,14.0
69.7,10.0
69.71,9.0
69.72,14.0
69.73,9.0
69.74,5.0
69.75,5.0
69.76,8.0
69.77,8.0
69.78,10.0
69.79,10.0
69.8,7.0
69.81,11.0
69.82,10.0
69.83,12.0
69.84,6.0
69.85,9.0
69.86,5.0
69.87,8.0
69.88,10.0
69.89,6.0
69.9,11.0
69.91,7.0
69.92,8.0
69.93,10.0
69.94,10.0
69.95,12.0
69.96,8.0
69.97,6.0
69.98,12.0
69.99,5.0
70.0,9.0
70.01,7.0
70.02,8.0
70.03,9.0
70.04,9.0
70.05,13.0
70.06,9.0
70.07,10.0
70.08,6.0
70.09,7.0
70.1,5.0
70.11,13.0
70.12,8.0
70.13,9.0
70.14,6.0
70.15,11.0
70.16,6.0
70.17,5.0
70.18,8.0
70.19,15.0
70.2,11.0
70.21,8.0
70.22,10.0
70.23,11.0
70.24,11.0
70.25,10.0
70.26,10.0
70.27,6.0
70.28,8.0
70.29,16.0
70.3,5.0
70.31,8.0
70.32,12.0
70.33,9.0
70.34,7.0
70.35,7.0
70.36,9.0
70.37,7.0
70.38,5.0
70.39,10.0
70.4,4.0
70.41,9.0
70.42,8.0
70.43,9.0
70.44,11.0
70.45,8.0
70.46,10.0
70.47,13.0
70.48,9.0
70.49,7.0
70.5,6.0
70.51,7.0
70.52,7.0
70.53,10.0
70.54,13.0
70.55,8.0
70.56,12.0
70.57,7.0
70.58,9.0
70.59,10.0
70.6,4.0
70.61,12.0
70.62,13.0
70.63,10.0
70.64,9.0
70.65,10.0
70.66,7.0
70.67,7.0
70.68,9.0
70.69,6.0
70.7,17.0
70.71,10.0
70.72,11.0
70.73,8.0
70.74,3.0
70.75,9.0
70.76,16.0
70.77,7.0
70.78,8.0
70.79,10.0
70.8,8.0
70.81,7.0
70.82,8.0
70.83,8.0
70.84,8.0
70.85,11.0
70.86,12.0
70.87,6.0
70.88,13.0
70.89,12.0
70.9,5.0
70.91,11.0
70.92,10.0
70.93,14.0
70.94,13.0
70.95,11.0
70.96,16.0
70.97,10.0
70.98,11.0
70.99,10.0
71.0,8.0
71.01,7.0
71.02,12.0
71.03,11.0
71.04,11.0
71.05,9.0
71.06,5.0
71.07,9.0
71.08,4.0
71.09,8.0
71.1,10.0
71.11,7.0
71.12,14.0
71.13,5.0
71.14,12.0
71.15,14.0
71.16,7.0
71.17,11.0
71.18,8.0
71.19,13.0
71.2,8.0
71.21,7.0
71.22,14.0
71.23,14.0
71.24,15.0
71.25,10.0
71.26,7.0
71.27,3.0
71.28,7.0
71.29,9.0
71.3,3.0
71.31,6.0
71.32,7.0
71.33,12.0
71.34,4.0
71.35,9.0
71.36,7.0
71.37,15.0
71.38,7.0
71.39,8.0
71.4,7.0
71.41,12.0
71.42,9.0
71.43,10.0
71.44,10.0
71.45,8.0
71.46,17.0
71.47,6.0
71.48,6.0
71.49,10.0
71.5,11.0
71.51,18.0
71.52,11.0
71.53,12.0
71.54,6.0
71.55,12.0
71.56,9.0
71.57,13.0
71.58,10.0
71.59,17.0
71.6,11.0
71.61,7.0
71.62,12.0
71.63,6.0
71.64,6.0
71.65,8.0
71.66,8.0
71.67,15.0
71.68,11.0
71.69,10.0
71.7,6.0
71.71,8.0
71.72,16.0
71.73,11.0
71.74,10.0
71.75,13.0
71.76,8.0
71.77,6.0
71.78,18.0
71.79,10.0
71.8,7.0
71.81,12.0
71.82,15.0
71.83,15.0
71.84,8.0
71.85,10.0
71.86,9.0
71.87,9.0
71.88,14.0
71.89,7.0
71.9,7.0
71.91,7.0
71.92,16.0
71.93,9.0
71.94,13.0
71.95,17.0
71.96,8.0
71.97,11.0
71.98,11.0
71.99,11.0
72.0,13.0
72.01,12.0
72.02,13.0
72.03,10.0
72.04,12.0
72.05,7.0
72.06,14.0
72.07,16.0
72.08,9.0
72.09,7.0
72.1,11.0
72.11,16.0
72.12,8.0
72.13,10.0
72.14,14.0
72.15,9.0
72.16,13.0
72.17,14.0
72.18,15.0
72.19,13.0
72.2,23.0
72.21,14.0
72.22,15.0
72.23,16.0
72.24,13.0
72.25,9.0
72.26,5.0
72.27,10.0
72.28,15.0
72.29,12.0
72.3,20.0
72.31,25.0
72.32,21.0
72.33,18.0
72.34,21.0
72.35,17.0
72.36,16.0
72.37,15.0
72.38,16.0
72.39,23.0
72.4,20.0
72.41,23.0
72.42,34.0
72.43,20.0
72.44,24.0
72.45,33.0
72.46,20.0
72.47,19.0
72.48,21.0
72.49,22.0
72.5,23.0
72.51,19.0
72.52,32.0
72.53,19.0
72.54,21.0
72.55,24.0
72.56,27.0
72.57,28.0
72.58,23.0
72.59,30.0
72.6,23.0
72.61,18.0
72.62,20.0
72.63,24.0
72.64,27.0
72.65,17.0
72.66,21.0
72.67,21.0
72.68,15.0
72.69,25.0
72.7,25.0
72.71,24.0
72.72,26.0
72.73,18.0
72.74,20.0
72.75,22.0
72.76,21.0
72.77,18.0
72.78,24.0
72.79,16.0
72.8,22.0
72.81,19.0
72.82,24.0
72.83,19.0
72.84,14.0
72.85,19.0
72.86,19.0
72.87,17.0
72.88,11.0
72.89,20.0
72.9,15.0
72.91,10.0
72.92,12.0
72.93,11.0
72.94,22.0
72.95,18.0
72.96,12.0
72.97,12.0
72.98,17.0
72.99,12.0
73.0,11.0
73.01,13.0
73.02,15.0
73.03,14.0
73.04,15.0
73.05,18.0
73.06,15.0
73.07,12.0
73.08,9.0
73.09,8.0
73.1,21.0
73.11,15.0
73.12,19.0
73.13,11.0
73.14,20.0
73.15,13.0
73.16,14.0
73.17,8.0
73.18,12.0
73.19,15.0
73.2,12.0
73.21,11.0
73.22,13.0
73.23,21.0
73.24,24.0
73.25,21.0
73.26,10.0
73.27,15.0
73.28,14.0
73.29,15.0
73.3,11.0
73.31,16.0
73.32,17.0
73.33,23.0
73.34,18.0
73.35,17.0
73.36,15.0
73.37,15.0
73.38,21.0
73.39,18.0
73.4,18.0
73.41,19.0
73.42,24.0
73.43,19.0
73.44,24.0
73.45,20.0
73.46,12.0
73.47,15.0
73.48,13.0
73.49,13.0
73.5,16.0
73.51,18.0
73.52,13.0
73.53,13.0
73.54,19.0
73.55,15.0
73.56,12.0
73.57,15.0
73.58,12.0
73.59,19.0
73.6,16.0
73.61,14.0
73.62,14.0
73.63,17.0
73.64,19.0
73.65,15.0
73.66,17.0
73.67,11.0
73.68,13.0
73.69,19.0
73.7,12.0
73.71,12.0
73.72,15.0
73.73,11.0
73.74,13.0
73.75,14.0
73.76,10.0
73.77,14.0
73.78,14.0
73.79,12.0
73.8,19.0
73.81,23.0
73.82,13.0
73.83,21.0
73.84,14.0
73.85,18.0
73.86,17.0
73.87,21.0
73.88,10.0
73.89,22.0
73.9,13.0
73.91,23.0
73.92,18.0
73.93,20.0
73.94,22.0
73.95,20.0
73.96,22.0
73.97,24.0
73.98,25.0
73.99,20.0
74.0,20.0
74.01,34.0
74.02,22.0
74.03,25.0
74.04,23.0
74.05,19.0
74.06,24.0
74.07,24.0
74.08,21.0
74.09,20.0
74.1,34.0
74.11,44.0
74.12,19.0
74.13,36.0
74.14,30.0
74.15,25.0
74.16,28.0
74.17,31.0
74.18,31.0
74.19,28.0
74.2,42.0
74.21,34.0
74.22,40.0
74.23,42.0
74.24,24.0
74.25,36.0
74.26,48.0
74.27,37.0
74.28,27.0
74.29,46.0
74.3,37.0
74.31,43.0
74.32,28.0
74.33,42.0
74.34,36.0
74.35,40.0
74.36,36.0
74.37,30.0
74.38,41.0
74.39,37.0
74.4,28.0
74.41,42.0
74.42,34.0
74.43,35.0
74.44,29.0
74.45,28.0
74.46,30.0
74.47,32.0
74.48,40.0
74.49,36.0
74.5,30.0
74.51,31.0
74.52,33.0
74.53,31.0
74.54,34.0
74.55,17.0
74.56,34.0
74.57,23.0
74.58,26.0
74.59,22.0
74.6,22.0
74.61,28.0
74.62,27.0
74.63,24.0
74.64,22.0
74.65,21.0
74.66,29.0
74.67,19.0
74.68,24.0
74.69,19.0
74.7,24.0
74.71,26.0
74.72,16.0
74.73,24.0
74.74,27.0
74.75,21.0
74.76,21.0
74.77,24.0
74.78,20.0
74.79,22.0
74.8,23.0
74.81,13.0
74.82,27.0
74.83,29.0
74.84,12.0
74.85,23.0
74.86,15.0
74.87,19.0
74.88,30.0
74.89,29.0
74.9,15.0
74.91,24.0
74.92,22.0
74.93,27.0
74.94,25.0
74.95,30.0
74.96,22.0
74.97,21.0
74.98,23.0
74.99,17.0
75.0,23.0
75.01,23.0
75.02,23.0
75.03,22.0
75.04,28.0
75.05,21.0
75.06,18.0
75.07,14.0
75.08,26.0
75.09,21.0
75.1,20.0
75.11,20.0
75.12,17.0
75.13,19.0
75.14,20.0
75.15,11.0
75.16,22.0
75.17,18.0
75.18,17.0
75.19,15.0
75.2,17.0
75.21,11.0
75.22,10.0
75.23,17.0
75.24,12.0
75.25,28.0
75.26,16.0
75.27,22.0
75.28,19.0
75.29,26.0
75.3,19.0
75.31,16.0
75.32,17.0
75.33,18.0
75.34,21.0
75.35,14.0
75.36,9.0
75.37,27.0
75.38,22.0
75.39,22.0
75.4,17.0
75.41,16.0
75.42,15.0
75.43,15.0
75.44,15.0
75.45,21.0
75.46,19.0
75.47,23.0
75.48,29.0
75.49,23.0
75.5,14.0
75.51,17.0
75.52,14.0
75.53,20.0
75.54,23.0
75.55,23.0
75.56,22.0
75.57,18.0
75.58,33.0
75.59,16.0
75.6,24.0
75.61,26.0
75.62,23.0
75.63,24.0
75.64,21.0
75.65,20.0
75.66,27.0
75.67,23.0
75.68,27.0
75.69,15.0
75.7,26.0
75.71,28.0
75.72,26.0
75.73,23.0
75.74,23.0
75.75,29.0
75.76,19.0
75.77,24.0
75.78,23.0
75.79,28.0
75.8,14.0
75.81,25.0
75.82,24.0
75.83,20.0
75.84,27.0
75.85,24.0
75.86,17.0
75.87,26.0
75.88,18.0
75.89,18.0
75.9,22.0
75.91,22.0
75.92,21.0
75.93,13.0
75.94,22.0
75.95,20.0
75.96,18.0
75.97,20.0
75.98,12.0
75.99,20.0
76.0,18.0
76.01,20.0
76.02,21.0
76.03,21.0
76.04,20.0
76.05,21.0
76.06,16.0
76.07,9.0
76.08,23.0
76.09,13.0
76.1,23.0
76.11,10.0
76.12,14.0
76.13,14.0
76.14,10.0
76.15,14.0
76.16,17.0
76.17,13.0
76.18,22.0
76.19,16.0
76.2,17.0
76.21,24.0
76.22,19.0
76.23,14.0
76.24,19.0
76.25,19.0
76.26,16.0
76.27,16.0
76.28,11.0
76.29,11.0
76.3,21.0
76.31,23.0
76.32,23.0
76.33,15.0
76.34,18.0
76.35,19.0
76.36,16.0
76.37,20.0
76.38,16.0
76.39,20.0
76.4,13.0
76.41,8.0
76.42,19.0
76.43,10.0
76.44,16.0
76.45,17.0
76.46,26.0
76.47,14.0
76.48,20.0
76.49,17.0
76.5,23.0
76.51,19.0
76.52,20.0
76.53,19.0
76.54,21.0
76.55,19.0
76.56,13.0
76.57,20.0
76.58,19.0
76.59,20.0
76.6,17.0
76.61,24.0
76.62,17.0
76.63,22.0
76.64,23.0
76.65,20.0
76.66,12.0
76.67,22.0
76.68,15.0
76.69,20.0
76.7,24.0
76.71,21.0
76.72,16.0
76.73,23.0
76.74,18.0
76.75,27.0
76.76,19.0
76.77,16.0
76.78,22.0
76.79,15.0
76.8,18.0
76.81,13.0
76.82,19.0
76.83,12.0
76.84,12.0
76.85,23.0
76.86,15.0
76.87,14.0
76.88,14.0
76.89,19.0
76.9,21.0
76.91,11.0
76.92,13.0
76.93,17.0
76.94,12.0
76.95,12.0
76.96,14.0
76.97,13.0
76.98,22.0
76.99,22.0
77.0,16.0
77.01,14.0
77.02,16.0
77.03,12.0
77.04,7.0
77.05,15.0
77.06,11.0
77.07,19.0
77.08,11.0
77.09,16.0
77.1,10.0
77.11,16.0
77.12,9.0
77.13,13.0
77.14,10.0
77.15,13.0
77.16,9.0
77.17,8.0
77.18,13.0
77.19,14.0
77.2,19.0
77.21,8.0
77.22,5.0
77.23,9.0
77.24,17.0
77.25,8.0
77.26,17.0
77.27,15.0
77.28,17.0
77.29,13.0
77.3,9.0
77.31,14.0
77.32,11.0
77.33,13.0
77.34,10.0
77.35,16.0
77.36,16.0
77.37,12.0
77.38,17.0
77.39,19.0
77.4,14.0
77.41,15.0
77.42,20.0
77.43,15.0
77.44,15.0
77.45,18.0
77.46,16.0
77.47,7.0
77.48,22.0
77.49,13.0
77.5,14.0
77.51,20.0
77.52,17.0
77.53,10.0
77.54,17.0
77.55,18.0
77.56,14.0
77.57,14.0
77.58,10.0
77.59,9.0
77.6,14.0
77.61,13.0
77.62,12.0
77.63,9.0
77.64,10.0
77.65,20.0
77.66,7.0
77.67,8.0
77.68,16.0
77.69,18.0
77.7,13.0
77.71,19.0
77.72,13.0
77.73,22.0
77.74,8.0
77.75,16.0
77.76,17.0
77.77,15.0
77.78,11.0
77.79,15.0
77.8,11.0
77.81,15.0
77.82,10.0
77.83,11.0
77.84,25.0
77.85,8.0
77.86,21.0
77.87,18.0
77.88,20.0
77.89,14.0
77.9,12.0
77.91,22.0
77.92,30.0
77.93,16.0
77.94,14.0
77.95,12.0
77.96,14.0
77.97,18.0
77.98,11.0
77.99,15.0
78.0,12.0
78.01,14.0
78.02,18.0
78.03,16.0
78.04,7.0
78.05,17.0
78.06,13.0
78.07,19.0
78.08,19.0
78.09,21.0
78.1,15.0
78.11,17.0
78.12,11.0
78.13,19.0
78.14,16.0
78.15,18.0
78.16,17.0
78.17,18.0
78.18,26.0
78.19,9.0
78.2,12.0
78.21,14.0
78.22,13.0
78.23,13.0
78.24,12.0
78.25,14.0
78.26,15.0
78.27,13.0
78.28,17.0
78.29,16.0
78.3,15.0
78.31,15.0
78.32,11.0
78.33,21.0
78.34,18.0
78.35,19.0
78.36,22.0
78.37,20.0
78.38,11.0
78.39,19.0
78.4,19.0
78.41,20.0
78.42,16.0
78.43,17.0
78.44,19.0
78.45,15.0
78.46,16.0
78.47,17.0
78.48,14.0
78.49,17.0
78.5,17.0
78.51,11.0
78.52,11.0
78.53,24.0
78.54,10.0
78.55,14.0
78.56,15.0
78.57,18.0
78.58,16.0
78.59,15.0
78.6,20.0
78.61,18.0
78.62,21.0
78.63,16.0
78.64,12.0
78.65,16.0
78.66,12.0
78.67,19.0
78.68,18.0
78.69,16.0
78.7,11.0
78.71,14.0
78.72,11.0
78.73,15.0
78.74,11.0
78.75,5.0
78.76,9.0
78.77,18.0
78.78,12.0
78.79,2.0
78.8,6.0
78.81,21.0
78.82,11.0
78.83,8.0
78.84,11.0
78.85,14.0
78.86,17.0
78.87,11.0
78.88,15.0
78.89,16.0
78.9,7.0
78.91,16.0
78.92,7.0
78.93,9.0
78.94,9.0
78.95,13.0
78.96,16.0
78.97,4.0
78.98,9.0
78.99,5.0
79.0,15.0
79.01,18.0
79.02,16.0
79.03,13.0
79.04,9.0
79.05,12.0
79.06,11.0
79.07,11.0
79.08,9.0
79.09,10.0
79.1,6.0
79.11,13.0
79.12,15.0
79.13,11.0
79.14,11.0
79.15,14.0
79.16,11.0
79.17,10.0
79.18,12.0
79.19,11.0
79.2,12.0
79.21,11.0
79.22,10.0
79.23,11.0
79.24,8.0
79.25,14.0
79.26,5.0
79.27,10.0
79.28,8.0
79.29,9.0
79.3,14.0
79.31,14.0
79.32,10.0
79.33,7.0
79.34,12.0
79.35,5.0
79.36,13.0
79.37,10.0
79.38,12.0
79.39,15.0
79.4,8.0
79.41,10.0
79.42,7.0
79.43,10.0
79.44,8.0
79.45,10.0
79.46,6.0
79.47,10.0
79.48,14.0
79.49,10.0
79.5,4.0
79.51,7.0
79.52,11.0
79.53,11.0
79.54,11.0
79.55,9.0
79.56,8.0
79.57,12.0
79.58,12.0
79.59,10.0
79.6,3.0
79.61,8.0
79.62,8.0
79.63,9.0
79.64,16.0
79.65,9.0
79.66,10.0
79.67,6.0
79.68,13.0
79.69,11.0
79.7,11.0
79.71,7.0
79.72,11.0
79.73,10.0
79.74,8.0
79.75,8.0
79.76,10.0
79.77,14.0
79.78,8.0
79.79,7.0
79.8,6.0
79.81,11.0
79.82,9.0
79.83,7.0
79.84,13.0
79.85,10.0
79.86,17.0
79.87,8.0
79.88,16.0
79.89,12.0
79.9,8.0
79.91,13.0
79.92,8.0
79.93,10.0
79.94,8.0
79.95,11.0
79.96,14.0
79.97,6.0
79.98,14.0
79.99,3.0
80.0,13.0
80.01,13.0
80.02,6.0
80.03,13.0
80.04,10.0
80.05,11.0
80.06,12.0
80.07,11.0
80.08,12.0
80.09,18.0
80.1,10.0
80.11,12.0
80.12,11.0
80.13,8.0
80.14,9.0
80.15,4.0
80.16,6.0
80.17,10.0
80.18,12.0
80.19,11.0
80.2,8.0
80.21,8.0
80.22,21.0
80.23,5.0
80.24,14.0
80.25,11.0
80.26,18.0
80.27,11.0
80.28,11.0
80.29,6.0
80.3,13.0
80.31,10.0
80.32,15.0
80.33,16.0
80.34,9.0
80.35,14.0
80.36,12.0
80.37,10.0
80.38,12.0
80.39,14.0
80.4,13.0
80.41,13.0
80.42,14.0
80.43,21.0
80.44,12.0
80.45,13.0
80.46,10.0
80.47,21.0
80.48,15.0
80.49,16.0
80.5,12.0
80.51,13.0
80.52,13.0
80.53,16.0
80.54,21.0
80.55,19.0
80.56,17.0
80.57,11.0
80.58,11.0
80.59,11.0
80.6,17.0
80.61,15.0
80.62,15.0
80.63,20.0
80.64,18.0
80.65,14.0
80.66,12.0
80.67,18.0
80.68,16.0
80.69,10.0
80.7,17.0
80.71,17.0
80.72,15.0
80.73,15.0
80.74,11.0
80.75,22.0
80.76,15.0
80.77,21.0
80.78,17.0
80.79,17.0
80.8,17.0
80.81,17.0
80.82,14.0
80.83,14.0
80.84,13.0
80.85,13.0
80.86,10.0
80.87,17.0
80.88,12.0
80.89,19.0
80.9,12.0
80.91,22.0
80.92,8.0
80.93,25.0
80.94,9.0
80.95,12.0
80.96,17.0
80.97,7.0
80.98,11.0
80.99,13.0
81.0,14.0
81.01,8.0
81.02,16.0
81.03,15.0
81.04,15.0
81.05,12.0
81.06,15.0
81.07,12.0
81.08,7.0
81.09,15.0
81.1,16.0
81.11,11.0
81.12,12.0
81.13,14.0
81.14,17.0
81.15,10.0
81.16,10.0
81.17,10.0
81.18,17.0
81.19,10.0
81.2,12.0
81.21,12.0
81.22,11.0
81.23,15.0
81.24,11.0
81.25,15.0
81.26,5.0
81.27,5.0
81.28,11.0
81.29,10.0
81.3,10.0
81.31,13.0
81.32,13.0
81.33,13.0
81.34,16.0
81.35,7.0
81.36,14.0
81.37,17.0
81.38,6.0
81.39,10.0
81.4,12.0
81.41,7.0
81.42,15.0
81.43,12.0
81.44,5.0
81.45,9.0
81.46,15.0
81.47,12.0
81.48,8.0
81.49,11.0
81.5,10.0
81.51,11.0
81.52,12.0
81.53,7.0
81.54,7.0
81.55,6.0
81.56,11.0
81.57,15.0
81.58,8.0
81.59,13.0
81.6,11.0
81.61,15.0
81.62,13.0
81.63,8.0
81.64,15.0
81.65,10.0
81.66,7.0
81.67,14.0
81.68,10.0
81.69,14.0
81.7,8.0
81.71,9.0
81.72,11.0
81.73,12.0
81.74,15.0
81.75,12.0
81.76,11.0
81.77,9.0
81.78,9.0
81.79,11.0
81.8,7.0
81.81,13.0
81.82,13.0
81.83,10.0
81.84,16.0
81.85,8.0
81.86,9.0
81.87,10.0
81.88,12.0
81.89,12.0
81.9,10.0
81.91,8.0
81.92,9.0
81.93,7.0
81.94,14.0
81.95,12.0
81.96,13.0
81.97,7.0
81.98,8.0
81.99,9.0
82.0,17.0
82.01,16.0
82.02,10.0
82.03,16.0
82.04,11.0
82.05,10.0
82.06,6.0
82.07,20.0
82.08,10.0
82.09,11.0
82.1,16.0
82.11,18.0
82.12,8.0
82.13,8.0
82.14,12.0
82.15,10.0
82.16,12.0
82.17,9.0
82.18,10.0
82.19,8.0
82.2,12.0
82.21,11.0
82.22,16.0
82.23,17.0
82.24,16.0
82.25,11.0
82.26,18.0
82.27,8.0
82.28,14.0
82.29,21.0
82.3,7.0
82.31,12.0
82.32,12.0
82.33,13.0
82.34,13.0
82.35,15.0
82.36,8.0
82.37,14.0
82.38,26.0
82.39,7.0
82.4,16.0
82.41,12.0
82.42,14.0
82.43,20.0
82.44,14.0
82.45,12.0
82.46,9.0
82.47,19.0
82.48,21.0
82.49,13.0
82.5,26.0
82.51,25.0
82.52,12.0
82.53,12.0
82.54,14.0
82.55,17.0
82.56,15.0
82.57,16.0
82.58,16.0
82.59,19.0
82.6,16.0
82.61,12.0
82.62,20.0
82.63,17.0
82.64,18.0
82.65,14.0
82.66,18.0
82.67,8.0
82.68,14.0
82.69,19.0
82.7,11.0
82.71,22.0
82.72,15.0
82.73,17.0
82.74,15.0
82.75,23.0
82.76,11.0
82.77,13.0
82.78,13.0
82.79,12.0
82.8,23.0
82.81,25.0
82.82,24.0
82.83,13.0
82.84,19.0
82.85,17.0
82.86,22.0
82.87,22.0
82.88,20.0
82.89,16.0
82.9,16.0
82.91,13.0
82.92,17.0
82.93,13.0
82.94,16.0
82.95,18.0
82.96,20.0
82.97,12.0
82.98,8.0
82.99,19.0
83.0,7.0
83.01,14.0
83.02,14.0
83.03,16.0
83.04,15.0
83.05,17.0
83.06,9.0
83.07,13.0
83.08,12.0
83.09,15.0
83.1,16.0
83.11,16.0
83.12,7.0
83.13,12.0
83.14,13.0
83.15,15.0
83.16,16.0
83.17,13.0
83.18,11.0
83.19,12.0
83.2,20.0
83.21,13.0
83.22,7.0
83.23,13.0
83.24,12.0
83.25,13.0
83.26,23.0
83.27,20.0
83.28,15.0
83.29,8.0
83.3,5.0
83.31,14.0
83.32,16.0
83.33,17.0
83.34,17.0
83.35,14.0
83.36,17.0
83.37,10.0
83.38,18.0
83.39,20.0
83.4,7.0
83.41,19.0
83.42,14.0
83.43,10.0
83.44,10.0
83.45,20.0
83.46,14.0
83.47,16.0
83.48,9.0
83.49,19.0
83.5,10.0
83.51,23.0
83.52,18.0
83.53,11.0
83.54,16.0
83.55,16.0
83.56,17.0
83.57,15.0
83.58,12.0
83.59,21.0
83.6,18.0
83.61,30.0
83.62,16.0
83.63,16.0
83.64,18.0
83.65,10.0
83.66,15.0
83.67,16.0
83.68,14.0
83.69,17.0
83.7,26.0
83.71,20.0
83.72,21.0
83.73,12.0
83.74,19.0
83.75,19.0
83.76,16.0
83.77,16.0
83.78,15.0
83.79,17.0
83.8,21.0
83.81,21.0
83.82,18.0
83.83,15.0
83.84,22.0
83.85,18.0
83.86,15.0
83.87,12.0
83.88,16.0
83.89,12.0
83.9,13.0
83.91,17.0
83.92,11.0
83.93,15.0
83.94,21.0
83.95,16.0
83.96,17.0
83.97,13.0
83.98,25.0
83.99,13.0
84.0,12.0
84.01,20.0
84.02,17.0
84.03,17.0
84.04,11.0
84.05,16.0
84.06,26.0
84.07,24.0
84.08,18.0
84.09,17.0
84.1,16.0
84.11,17.0
84.12,7.0
84.13,11.0
84.14,16.0
84.15,9.0
84.16,14.0
84.17,13.0
84.18,12.0
84.19,11.0
84.2,4.0
84.21,11.0
84.22,7.0
84.23,11.0
84.24,9.0
84.25,11.0
84.26,12.0
84.27,9.0
84.28,13.0
84.29,14.0
84.3,13.0
84.31,8.0
84.32,5.0
84.33,3.0
84.34,13.0
84.35,11.0
84.36,19.0
84.37,14.0
84.38,12.0
84.39,15.0
84.4,12.0
84.41,13.0
84.42,8.0
84.43,12.0
84.44,10.0
84.45,16.0
84.46,7.0
84.47,10.0
84.48,11.0
84.49,11.0
84.5,15.0
84.51,13.0
84.52,9.0
84.53,16.0
84.54,12.0
84.55,15.0
84.56,13.0
84.57,14.0
84.58,14.0
84.59,11.0
84.6,12.0
84.61,13.0
84.62,9.0
84.63,7.0
84.64,10.0
84.65,7.0
84.66,12.0
84.67,20.0
84.68,13.0
84.69,13.0
84.7,13.0
84.71,10.0
84.72,14.0
84.73,13.0
84.74,7.0
84.75,8.0
84.76,11.0
84.77,15.0
84.78,13.0
84.79,7.0
84.8,7.0
84.81,9.0
84.82,14.0
84.83,11.0
84.84,8.0
84.85,15.0
84.86,16.0
84.87,9.0
84.88,12.0
84.89,18.0
84.9,12.0
84.91,12.0
84.92,9.0
84.93,14.0
84.94,12.0
84.95,16.0
84.96,15.0
84.97,10.0
84.98,18.0
84.99,17.0
85.0,9.0
85.01,14.0
85.02,11.0
85.03,11.0
85.04,22.0
85.05,13.0
85.06,15.0
85.07,25.0
85.08,12.0
85.09,15.0
85.1,14.0
85.11,10.0
85.12,6.0
85.13,17.0
85.14,17.0
85.15,12.0
85.16,11.0
85.17,10.0
85.18,11.0
85.19,20.0
85.2,12.0
85.21,16.0
85.22,15.0
85.23,16.0
85.24,13.0
85.25,10.0
85.26,16.0
85.27,10.0
85.28,11.0
85.29,16.0
85.3,12.0
85.31,14.0
85.32,15.0
85.33,16.0
85.34,8.0
85.35,14.0
85.36,20.0
85.37,12.0
85.38,11.0
85.39,12.0
85.4,17.0
85.41,13.0
85.42,12.0
85.43,11.0
85.44,9.0
85.45,11.0
85.46,12.0
85.47,10.0
85.48,10.0
85.49,9.0
85.5,8.0
85.51,9.0
85.52,19.0
85.53,9.0
85.54,15.0
85.55,15.0
85.56,13.0
85.57,16.0
85.58,6.0
85.59,11.0
85.6,10.0
85.61,10.0
85.62,8.0
85.63,14.0
85.64,9.0
85.65,13.0
85.66,9.0
85.67,12.0
85.68,14.0
85.69,11.0
85.7,10.0
85.71,11.0
85.72,12.0
85.73,16.0
85.74,15.0
85.75,11.0
85.76,8.0
85.77,12.0
85.78,10.0
85.79,7.0
85.8,18.0
85.81,7.0
85.82,16.0
85.83,14.0
85.84,15.0
85.85,13.0
85.86,15.0
85.87,10.0
85.88,16.0
85.89,15.0
85.9,13.0
85.91,17.0
85.92,17.0
85.93,13.0
85.94,18.0
85.95,10.0
85.96,14.0
85.97,12.0
85.98,12.0
85.99,13.0
86.0,10.0
86.01,10.0
86.02,11.0
86.03,14.0
86.04,11.0
86.05,22.0
86.06,17.0
86.07,22.0
86.08,12.0
86.09,11.0
86.1,12.0
86.11,7.0
86.12,12.0
86.13,10.0
86.14,22.0
86.15,11.0
86.16,16.0
86.17,17.0
86.18,11.0
86.19,10.0
86.2,8.0
86.21,11.0
86.22,7.0
86.23,10.0
86.24,17.0
86.25,12.0
86.26,4.0
86.27,17.0
86.28,7.0
86.29,8.0
86.3,18.0
86.31,9.0
86.32,19.0
86.33,13.0
86.34,14.0
86.35,11.0
86.36,14.0
86.37,6.0
86.38,10.0
86.39,22.0
86.4,13.0
86.41,9.0
86.42,13.0
86.43,13.0
86.44,11.0
86.45,15.0
86.46,17.0
86.47,10.0
86.48,14.0
86.49,18.0
86.5,9.0
86.51,15.0
86.52,11.0
86.53,11.0
86.54,7.0
86.55,12.0
86.56,12.0
86.57,7.0
86.58,8.0
86.59,12.0
86.6,12.0
86.61,13.0
86.62,12.0
86.63,9.0
86.64,13.0
86.65,7.0
86.66,9.0
86.67,12.0
86.68,12.0
86.69,10.0
86.7,9.0
86.71,6.0
86.72,13.0
86.73,7.0
86.74,9.0
86.75,13.0
86.76,7.0
86.77,17.0
86.78,12.0
86.79,3.0
86.8,8.0
86.81,14.0
86.82,13.0
86.83,10.0
86.84,11.0
86.85,9.0
86.86,4.0
86.87,15.0
86.88,12.0
86.89,12.0
86.9,10.0
86.91,9.0
86.92,13.0
86.93,13.0
86.94,7.0
86.95,6.0
86.96,10.0
86.97,10.0
86.98,8.0
86.99,11.0
87.0,17.0
87.01,10.0
87.02,13.0
87.03,8.0
87.04,6.0
87.05,12.0
87.06,8.0
87.07,12.0
87.08,10.0
87.09,8.0
87.1,9.0
87.11,15.0
87.12,11.0
87.13,12.0
87.14,8.0
87.15,12.0
87.16,9.0
87.17,9.0
87.18,6.0
87.19,9.0
87.2,10.0
87.21,10.0
87.22,9.0
87.23,11.0
87.24,5.0
87.25,6.0
87.26,8.0
87.27,11.0
87.28,6.0
87.29,9.0
87.3,16.0
87.31,16.0
87.32,11.0
87.33,11.0
87.34,8.0
87.35,19.0
87.36,13.0
87.37,7.0
87.38,9.0
87.39,10.0
87.4,9.0
87.41,5.0
87.42,10.0
87.43,11.0
87.44,8.0
87.45,13.0
87.46,13.0
87.47,11.0
87.48,9.0
87.49,15.0
87.5,7.0
87.51,14.0
87.52,16.0
87.53,13.0
87.54,9.0
87.55,12.0
87.56,10.0
87.57,13.0
87.58,12.0
87.59,14.0
87.6,12.0
87.61,13.0
87.62,11.0
87.63,15.0
87.64,16.0
87.65,13.0
87.66,21.0
87.67,8.0
87.68,10.0
87.69,14.0
87.7,5.0
87.71,6.0
87.72,13.0
87.73,9.0
87.74,14.0
87.75,16.0
87.76,8.0
87.77,3.0
87.78,12.0
87.79,14.0
87.8,10.0
87.81,14.0
87.82,9.0
87.83,15.0
87.84,12.0
87.85,10.0
87.86,6.0
87.87,13.0
87.88,17.0
87.89,20.0
87.9,13.0
87.91,12.0
87.92,12.0
87.93,10.0
87.94,12.0
87.95,14.0
87.96,8.0
87.97,5.0
87.98,13.0
87.99,5.0
88.0,11.0
88.01,15.0
88.02,14.0
88.03,9.0
88.04,4.0
88.05,15.0
88.06,11.0
88.07,11.0
88.08,9.0
88.09,7.0
88.1,8.0
88.11,14.0
88.12,10.0
88.13,10.0
88.14,13.0
88.15,4.0
88.16,11.0
88.17,11.0
88.18,10.0
88.19,13.0
88.2,11.0
88.21,10.0
88.22,7.0
88.23,14.0
88.24,13.0
88.25,8.0
88.26,8.0
88.27,11.0
88.28,14.0
88.29,8.0
88.3,19.0
88.31,11.0
88.32,16.0
88.33,12.0
88.34,9.0
88.35,13.0
88.36,13.0
88.37,14.0
88.38,14.0
88.39,9.0
88.4,5.0
88.41,8.0
88.42,6.0
88.43,13.0
88.44,13.0
88.45,11.0
88.46,11.0
88.47,7.0
88.48,11.0
88.49,12.0
88.5,11.0
88.51,18.0
88.52,13.0
88.53,3.0
88.54,8.0
88.55,19.0
88.56,15.0
88.57,9.0
88.58,8.0
88.59,14.0
88.6,5.0
88.61,8.0
88.62,12.0
88.63,5.0
88.64,11.0
88.65,4.0
88.66,12.0
88.67,11.0
88.68,13.0
88.69,13.0
88.7,12.0
88.71,15.0
88.72,13.0
88.73,12.0
88.74,16.0
88.75,11.0
88.76,16.0
88.77,7.0
88.78,9.0
88.79,11.0
88.8,15.0
88.81,9.0
88.82,12.0
88.83,10.0
88.84,8.0
88.85,16.0
88.86,5.0
88.87,9.0
88.88,15.0
88.89,14.0
88.9,14.0
88.91,8.0
88.92,10.0
88.93,9.0
88.94,8.0
88.95,10.0
88.96,9.0
88.97,13.0
88.98,9.0
88.99,9.0
89.0,11.0
89.01,7.0
89.02,16.0
89.03,12.0
89.04,14.0
89.05,7.0
89.06,12.0
89.07,11.0
89.08,16.0
89.09,11.0
89.1,9.0
89.11,11.0
89.12,12.0
89.13,14.0
89.14,12.0
89.15,14.0
89.16,15.0
89.17,13.0
89.18,12.0
89.19,14.0
89.2,11.0
89.21,16.0
89.22,17.0
89.23,10.0
89.24,4.0
89.25,8.0
89.26,5.0
89.27,12.0
89.28,14.0
89.29,9.0
89.3,9.0
89.31,14.0
89.32,14.0
89.33,11.0
89.34,11.0
89.35,13.0
89.36,7.0
89.37,18.0
89.38,9.0
89.39,14.0
89.4,12.0
89.41,12.0
89.42,10.0
89.43,14.0
89.44,19.0
89.45,7.0
89.46,16.0
89.47,12.0
89.48,9.0
89.49,12.0
89.5,10.0
89.51,7.0
89.52,13.0
89.53,12.0
89.54,11.0
89.55,10.0
89.56,7.0
89.57,13.0
89.58,9.0
89.59,9.0
89.6,13.0
89.61,11.0
89.62,11.0
89.63,12.0
89.64,13.0
89.65,12.0
89.66,8.0
89.67,7.0
89.68,17.0
89.69,6.0
89.7,8.0
89.71,11.0
89.72,9.0
89.73,11.0
89.74,4.0
89.75,16.0
89.76,15.0
89.77,14.0
89.78,8.0
89.79,10.0
89.8,12.0
89.81,7.0
89.82,13.0
89.83,9.0
89.84,9.0
89.85,10.0
89.86,13.0
89.87,10.0
89.88,8.0
89.89,13.0
89.9,11.0
89.91,12.0
89.92,4.0
89.93,11.0
89.94,16.0
89.95,10.0
89.96,10.0
89.97,15.0
89.98,8.0
89.99,6.0
90.0,8.0
